id,ext,agr,con,ner,open,about,activities,books,city,followers_count,friends_count,groups,interests,is_closed,movies,music,quotes,relation,sex,status,tv,video_count,wall_count
925142,0.8,0.5,0.7,0.8,0.8,0,0,0,2,283.0,463.0,69,0,0,0,0,0,0.0,2,113,0,157.0,1588.0
9608860,0.8,0.3,0.8,1.0,0.7,0,0,0,35,345.0,451.0,331,0,0,0,0,0,0.0,1,108,0,169.0,4930.0
3789820,0.69,0.79,0.71,0.68,0.8,142,0,6,2,174.0,205.0,34,10,0,0,0,994,0.0,1,9,0,153.0,1695.0
70653112,0.4,0.8,0.6,0.5,0.8,0,0,0,2,5.0,137.0,8,0,0,0,0,0,0.0,2,24,0,5.0,56.0
70653112,0.4,0.8,0.6,0.5,0.8,0,0,0,2,5.0,136.0,8,0,0,0,0,0,0.0,2,24,0,5.0,58.0
70653112,0.6,0.7,0.8,1.0,0.6,0,0,0,2,5.0,137.0,8,0,0,0,0,0,0.0,2,24,0,5.0,56.0
70653112,0.6,0.7,0.8,1.0,0.6,0,0,0,2,5.0,136.0,8,0,0,0,0,0,0.0,2,24,0,5.0,58.0
70653112,0.57,0.6,0.63,0.63,0.57,0,0,0,2,5.0,137.0,8,0,0,0,0,0,0.0,2,24,0,5.0,56.0
70653112,0.57,0.6,0.63,0.63,0.57,0,0,0,2,5.0,136.0,8,0,0,0,0,0,0.0,2,24,0,5.0,58.0
62759186,0.8,0.7,0.7,0.5,0.7,0,0,0,147,347.0,201.0,199,0,0,0,0,0,0.0,1,25,0,79.0,13.0
32286687,0.7,0.6,0.9,0.7,0.7,0,0,0,88,220.0,281.0,78,0,0,0,0,0,0.0,2,0,0,1424.0,246.0
169992910,0.6,0.5,0.8,0.7,0.7,0,0,0,147,136.0,137.0,42,0,0,0,0,0,0.0,1,0,0,13.0,0.0
204761338,0.7,0.9,0.9,0.9,0.8,0,0,0,2,107.0,216.0,206,0,0,0,0,0,0.0,2,0,0,128.0,9.0
522920836,0.9,0.6,0.6,1.0,0.7,0,0,0,0,0.0,0.0,0,0,1,0,0,0,0.0,1,21,0,0.0,0.0
183556461,0.76,0.59,0.81,0.55,0.79,0,0,0,19268,105.0,159.0,58,0,0,0,0,0,4.0,1,0,0,11.0,148.0
253431187,0.9,0.5,0.7,0.9,0.9,0,0,0,2,168.0,141.0,150,0,0,0,0,0,0.0,2,46,0,885.0,327.0
201599850,0.65,0.8,0.87,0.59,0.79,0,0,0,0,53.0,73.0,17,0,0,0,0,0,0.0,2,0,0,0.0,7.0
235962415,0.5,0.5,0.8,0.7,0.7,0,0,0,147,155.0,91.0,252,0,0,0,0,0,0.0,1,0,0,28.0,5.0
20774937,0.7,0.6,0.7,0.7,0.8,0,0,0,2,67.0,1665.0,262,0,0,0,0,0,0.0,1,14,0,587.0,2619.0
50684146,0.6,0.4,0.7,0.7,0.8,15,0,0,2,852.0,253.0,128,0,0,0,0,44,7.0,1,3,0,434.0,82.0
353269856,0.6,0.5,0.8,0.6,0.6,0,0,0,0,0.0,0.0,0,0,1,0,0,0,0.0,2,28,0,0.0,0.0
283906609,0.6,0.6,0.9,1.0,0.9,0,0,0,147,167.0,381.0,91,0,0,0,0,0,0.0,1,16,0,71.0,1.0
21099143,0.8,0.5,0.7,1.0,0.8,0,0,0,82,127.0,260.0,97,0,0,0,0,0,0.0,2,0,0,197.0,335.0
142799641,0.69,0.79,0.71,0.68,0.8,0,0,0,0,110.0,134.0,39,0,0,0,0,0,0.0,1,0,0,0.0,165.0
142799641,0.69,0.79,0.71,0.68,0.8,0,0,0,0,113.0,135.0,39,0,0,0,0,0,0.0,1,0,0,0.0,165.0
142799641,0.7,0.77,0.77,0.73,0.8,0,0,0,0,110.0,134.0,39,0,0,0,0,0,0.0,1,0,0,0.0,165.0
142799641,0.7,0.77,0.77,0.73,0.8,0,0,0,0,113.0,135.0,39,0,0,0,0,0,0.0,1,0,0,0.0,165.0
2277943,0.67,0.76,0.47,0.87,0.8,70,4,3,2,106.0,143.0,327,3,0,2,3,1427,6.0,2,0,54,27.0,5230.0
102617957,0.7,0.3,0.6,0.7,0.7,0,0,0,2,0.0,0.0,0,0,1,0,0,0,0.0,1,4,0,0.0,0.0
54972428,0.65,0.76,0.69,0.73,0.73,0,0,0,88,288.0,55.0,7,0,0,0,0,0,0.0,2,0,0,7.0,5.0
536429620,0.5,0.6,0.8,0.9,0.5,0,0,0,1904869,1.0,0.0,1,0,0,0,0,0,3.0,1,0,0,0.0,1.0
537778610,0.57,0.65,0.61,0.77,0.64,0,0,0,0,0.0,0.0,0,0,1,0,0,0,0.0,1,0,0,0.0,0.0
1548876,0.64,0.65,0.67,0.81,0.69,0,0,0,2,168.0,233.0,117,0,0,0,0,0,0.0,1,0,0,898.0,925.0
144097553,0.6,0.4,0.5,0.9,0.7,0,0,0,147,207.0,130.0,87,0,0,0,0,0,0.0,2,0,0,0.0,2.0
273128158,0.7,0.7,0.8,0.8,0.8,1,0,0,2,0.0,0.0,0,1,1,0,0,0,0.0,1,9,0,0.0,0.0
183313835,0.8,0.3,0.6,1.0,0.8,32,0,0,61,99.0,132.0,227,0,0,11,20,86,0.0,2,19,52,172.0,7359.0
123837212,0.71,0.73,0.75,0.41,0.79,0,0,0,0,82.0,95.0,27,0,0,0,0,0,0.0,2,0,0,42.0,1.0
224573095,0.6,0.8,1.0,0.9,0.9,0,0,0,147,81.0,97.0,119,0,0,0,0,0,0.0,1,0,0,11.0,2.0
188942,0.68,0.83,0.77,0.55,0.76,0,0,0,2,66.0,471.0,6,0,0,0,0,0,0.0,2,0,0,18.0,12.0
61970639,0.7,0.6,0.7,0.9,0.9,0,0,0,1,143.0,575.0,34,0,0,0,0,218,0.0,1,0,0,11.0,447.0
7954024,0.9,0.8,0.9,0.7,0.6,0,0,0,2,238.0,136.0,138,0,0,0,0,0,0.0,1,21,0,33.0,139.0
30907204,0.69,0.8,0.69,0.72,0.84,1432,0,0,354,155.0,1138.0,254,0,0,0,0,0,0.0,1,1,0,56.0,117.0
38978021,0.6,0.75,0.69,0.61,0.61,0,0,0,2,168.0,258.0,57,0,0,0,0,0,7.0,1,59,0,1.0,30.0
433506113,0.6,0.8,0.8,0.7,0.7,0,0,0,0,116.0,185.0,86,0,0,0,0,0,0.0,1,10,0,37.0,62.0
50361099,0.59,0.79,0.72,0.49,0.63,54,0,1,1,37.0,68.0,39,1,0,2,3,0,0.0,2,7,26,2.0,21.0
3005751,0.59,0.75,0.65,0.72,0.71,0,0,0,1,16.0,71.0,13,0,0,0,0,0,0.0,2,0,0,0.0,59.0
41700258,0.63,0.75,0.65,0.72,0.73,0,0,0,2,278.0,198.0,69,0,0,0,0,0,0.0,1,0,0,9.0,3.0
179319596,0.7,0.6,0.8,0.8,0.6,0,0,0,147,168.0,179.0,223,0,0,0,0,0,0.0,1,0,0,30.0,13.0
334830315,0.6,0.8,0.8,0.6,0.8,0,0,0,0,30.0,0.0,38,0,0,0,0,0,0.0,1,0,0,17.0,1.0
444582658,0.6,0.7,0.8,0.8,0.8,0,0,0,0,0.0,0.0,0,0,1,0,0,0,0.0,1,20,0,0.0,0.0
439274,0.6,0.4,0.7,0.7,0.7,0,0,0,2,72.0,234.0,18,0,0,0,0,0,0.0,1,0,0,14.0,78.0
21872544,0.67,0.93,0.84,0.85,0.81,0,0,0,0,0.0,0.0,0,0,1,0,0,0,0.0,1,0,0,0.0,0.0
183710909,0.7,0.7,0.8,0.8,0.8,0,0,0,2,107.0,124.0,278,0,0,0,0,2388,0.0,1,0,0,0.0,12.0
183710909,0.7,0.7,0.8,0.8,0.8,0,0,0,2,107.0,124.0,278,0,0,0,0,2388,0.0,1,0,0,0.0,12.0
183710909,0.81,0.85,0.89,0.91,0.89,0,0,0,2,107.0,124.0,278,0,0,0,0,2388,0.0,1,0,0,0.0,12.0
183710909,0.81,0.85,0.89,0.91,0.89,0,0,0,2,107.0,124.0,278,0,0,0,0,2388,0.0,1,0,0,0.0,12.0
202578980,0.6,0.5,0.7,0.8,0.7,0,0,0,1107703,48.0,85.0,69,0,0,0,0,0,0.0,2,12,0,403.0,8.0
4519713,0.6,0.4,0.7,0.5,0.7,0,0,0,2,326.0,374.0,66,0,0,0,0,0,0.0,1,0,0,68.0,3473.0
162550382,0.7,0.6,0.9,1.0,0.8,0,0,0,0,0.0,0.0,0,0,1,0,0,0,0.0,1,0,0,0.0,0.0
5682014,0.6,0.6,0.8,0.9,0.7,25,0,0,147,412.0,188.0,11,0,0,0,0,0,4.0,1,0,0,13.0,32.0
264179114,0.6,0.7,0.7,0.6,0.9,0,0,0,0,12.0,70.0,55,0,0,0,0,0,0.0,2,12,0,243.0,3.0
195574133,0.5,0.6,0.7,0.4,0.7,0,0,0,147,134.0,54.0,57,0,0,0,3,468,7.0,1,26,0,19.0,59.0
76311247,0.67,0.73,0.76,0.72,0.76,0,0,0,147,114.0,74.0,162,0,0,0,0,0,0.0,1,20,0,283.0,1032.0
102092969,0.4,0.4,0.9,0.8,0.7,0,0,0,2,229.0,103.0,57,0,0,0,0,0,0.0,1,0,0,55.0,236.0
469974682,0.8,0.7,0.8,0.6,0.8,0,0,0,147,0.0,0.0,0,0,1,0,0,0,0.0,1,57,0,0.0,0.0
224802192,0.8,0.6,0.7,0.9,0.5,0,0,0,5327182,260.0,195.0,96,0,0,0,0,0,0.0,2,8,0,30.0,200.0
348584503,0.6,0.5,0.8,0.8,0.7,0,0,0,0,0.0,0.0,0,0,1,0,0,0,0.0,2,0,0,0.0,0.0
109425672,0.7,0.7,0.6,0.8,0.6,0,0,0,1142,50.0,65.0,493,0,0,0,0,0,0.0,1,0,0,2.0,691.0
8551187,0.8,0.8,0.9,0.7,0.6,0,0,0,2,0.0,0.0,0,0,1,0,0,0,0.0,1,0,0,0.0,0.0
484676675,0.7,0.6,0.8,0.8,0.7,0,0,0,0,5.0,1.0,3,0,0,0,0,0,0.0,2,0,0,0.0,1.0
31649177,0.8,0.6,0.9,0.8,0.7,0,0,0,104,267.0,217.0,89,0,0,0,0,0,0.0,1,0,0,188.0,830.0
196588225,0.6,0.6,0.8,0.7,0.6,0,0,0,2,83.0,82.0,76,0,0,0,0,0,0.0,1,0,0,116.0,23.0
430221723,0.7,0.8,0.8,0.6,0.9,17,0,0,0,313.0,180.0,392,5,0,0,0,111,0.0,1,51,0,535.0,11.0
55035339,0.6,0.7,0.5,0.4,0.8,0,0,0,147,196.0,424.0,35,0,0,0,0,0,0.0,1,0,0,10.0,106.0
332534759,0.7,0.7,0.8,0.9,0.7,0,0,0,147,76.0,110.0,100,0,0,0,0,0,0.0,1,0,0,47.0,22.0
379543967,0.8,0.7,0.6,0.8,0.7,0,0,0,147,252.0,474.0,67,0,0,0,0,0,0.0,1,1,0,2.0,13.0
153319421,0.6,0.3,0.9,0.9,0.7,0,0,0,0,177.0,194.0,54,0,0,0,0,0,0.0,1,0,0,0.0,5.0
330984060,0.6,0.5,0.7,0.8,0.7,0,0,0,125,0.0,0.0,0,0,1,0,0,0,0.0,1,0,0,0.0,0.0
80680883,0.6,0.5,0.7,0.8,0.8,0,0,0,2,180.0,702.0,127,0,0,0,0,0,0.0,2,0,0,241.0,89.0
231505919,0.5,0.7,0.8,0.7,0.6,0,0,0,4011,0.0,0.0,0,0,1,0,0,0,0.0,1,25,0,0.0,0.0
94734732,1.0,1.0,0.8,0.8,1.0,0,0,0,2,112.0,424.0,254,0,0,0,0,0,0.0,2,0,0,125.0,775.0
563860267,0.5,0.4,0.4,0.8,0.7,0,0,0,1951986,0.0,0.0,1,0,0,0,0,0,0.0,1,0,0,0.0,0.0
122304432,0.76,0.8,0.85,0.63,0.88,0,0,0,1,1061.0,424.0,22,0,0,0,0,0,0.0,2,14,0,91.0,440.0
11146323,0.8,0.53,0.64,0.55,0.61,26,3,6,5265148,490.0,2101.0,89,15,0,1,5,58,7.0,2,23,3,433.0,3705.0
8143137,0.6,0.8,0.9,0.9,0.7,0,0,0,2,235.0,482.0,24,0,0,0,0,219,0.0,1,64,0,399.0,913.0
71137975,0.5,0.2,0.6,1.0,0.8,0,0,0,2,383.0,237.0,878,0,0,0,0,0,0.0,2,17,0,397.0,160.0
71137975,0.5,0.2,0.6,1.0,0.8,0,0,0,2,383.0,237.0,878,0,0,0,0,0,0.0,2,17,0,397.0,160.0
71137975,0.81,0.85,0.89,0.91,0.89,0,0,0,2,383.0,237.0,878,0,0,0,0,0,0.0,2,17,0,397.0,160.0
71137975,0.81,0.85,0.89,0.91,0.89,0,0,0,2,383.0,237.0,878,0,0,0,0,0,0.0,2,17,0,397.0,160.0
435823494,0.71,0.64,0.8,0.72,0.76,0,0,0,0,0.0,0.0,0,0,1,0,0,0,0.0,1,0,0,0.0,0.0
154278962,0.8,0.6,0.8,0.9,0.7,0,1,0,1142,184.0,197.0,153,0,0,0,0,0,4.0,1,0,0,12.0,253.0
175720799,0.8,0.5,0.7,0.7,0.9,0,0,0,2,56.0,221.0,133,0,0,0,0,0,0.0,2,23,0,13.0,203.0
20198004,0.7,0.3,0.6,0.8,0.6,0,0,0,2,0.0,0.0,0,0,1,0,0,0,0.0,2,0,0,0.0,0.0
183450123,0.8,0.3,0.7,0.7,0.6,0,0,0,0,5.0,218.0,5,0,0,0,0,0,0.0,2,0,0,0.0,0.0
40577791,0.6,0.6,0.9,0.8,0.7,0,0,0,1597,383.0,301.0,160,0,0,0,0,0,0.0,1,0,0,0.0,14.0
427505545,0.51,0.72,0.73,0.85,0.76,0,0,0,104,52.0,187.0,29,0,0,0,0,0,0.0,1,10,0,7.0,2.0
44163918,0.8,0.4,0.9,0.8,0.7,0,0,0,2,600.0,512.0,29,0,0,0,0,0,0.0,2,2,0,237.0,392.0
62127196,0.6,0.4,0.9,0.9,0.8,0,0,0,147,694.0,95.0,15,0,0,0,0,0,0.0,1,0,0,7.0,48.0
2590454,1.0,0.7,0.9,0.6,0.9,0,0,0,2,89.0,293.0,51,0,0,0,0,0,0.0,1,89,0,56.0,2165.0
341046318,0.6,0.4,0.6,0.8,0.8,0,0,0,0,89.0,116.0,53,0,0,0,0,0,0.0,1,43,0,96.0,97.0
93529956,0.61,0.75,0.65,0.69,0.69,0,1,0,1,3.0,84.0,26,5,0,0,1,0,1.0,2,0,0,0.0,214.0
167397298,0.71,0.8,0.75,0.67,0.85,0,0,0,147,148.0,74.0,36,0,0,0,0,0,0.0,2,0,0,3.0,3.0
27278383,0.5,0.9,0.7,0.7,0.7,0,0,0,2,0.0,0.0,0,0,1,0,0,0,0.0,1,0,0,0.0,0.0
2590004,0.8,0.4,0.9,0.8,0.7,0,0,0,2,0.0,0.0,0,0,1,0,0,0,0.0,1,0,0,0.0,0.0
104660043,0.5,0.8,1.0,0.7,0.7,0,0,0,2,0.0,0.0,0,0,1,0,0,0,0.0,1,55,0,0.0,0.0
184921762,0.8,0.7,0.9,0.6,0.5,0,0,0,2,0.0,0.0,0,0,1,0,0,0,0.0,2,0,0,0.0,0.0
3668679,0.5,0.8,0.8,0.8,0.9,0,0,0,2,13.0,48.0,9,0,0,0,0,0,0.0,2,0,0,0.0,910.0
32404696,0.63,0.8,0.71,0.65,0.57,0,0,0,0,420.0,179.0,120,0,0,0,0,0,1.0,1,0,0,525.0,776.0
200297568,0.63,0.89,0.84,0.79,0.88,0,0,0,147,0.0,0.0,0,0,1,0,0,0,0.0,1,0,0,0.0,0.0
396417611,0.9,0.6,0.6,1.0,0.6,0,0,0,0,47.0,103.0,139,0,0,0,0,0,0.0,1,0,0,47.0,6.0
226984451,0.6,0.7,0.8,0.9,0.8,0,0,0,2,0.0,0.0,0,0,1,0,0,0,0.0,1,140,0,0.0,0.0
16406756,0.5,0.6,0.7,0.6,0.7,0,0,0,119,0.0,0.0,0,0,1,0,0,0,0.0,1,0,0,0.0,0.0
331114826,0.5,0.5,0.8,0.7,0.5,0,0,0,125,0.0,0.0,0,0,1,0,0,0,0.0,1,23,0,0.0,0.0
17937375,0.6,0.6,0.8,0.9,0.7,0,0,0,2,0.0,0.0,0,0,1,0,0,0,0.0,1,0,0,0.0,0.0
168126456,0.8,0.8,0.6,0.5,0.8,0,0,0,147,76.0,526.0,77,0,0,0,0,0,0.0,2,0,0,12.0,1217.0
345523530,0.6,0.4,0.7,0.7,0.8,0,0,0,1,8.0,139.0,17,0,0,0,0,0,0.0,2,0,0,4.0,29.0
89688224,0.5,0.6,0.8,0.7,0.6,0,0,0,93,0.0,0.0,0,0,1,0,0,0,0.0,2,35,0,0.0,0.0
43944458,0.8,0.8,0.9,0.7,0.6,169,2,0,2,318.0,3974.0,558,0,0,1,1,0,4.0,1,103,0,1864.0,1788.0
16883611,0.7,0.6,0.8,0.5,0.7,0,0,0,147,351.0,317.0,120,0,0,0,0,0,2.0,1,0,0,228.0,12.0
2198076,0.68,0.72,0.76,0.32,0.77,0,0,0,2,54.0,108.0,38,0,0,0,0,0,0.0,2,52,0,8.0,659.0
51506762,0.8,0.68,0.83,0.77,0.84,0,0,0,2,85.0,54.0,176,0,0,0,0,0,0.0,2,0,0,17.0,7.0
60844320,0.48,0.59,0.65,0.6,0.64,0,0,0,2,71.0,114.0,27,0,0,0,0,0,0.0,2,0,0,0.0,15.0
23264734,0.75,0.72,0.53,0.55,0.72,0,0,0,0,191.0,331.0,202,0,0,0,0,88,0.0,2,0,0,264.0,2089.0
5746,0.72,0.8,0.6,0.49,0.83,0,0,0,2,158.0,492.0,50,0,0,0,0,0,0.0,2,31,0,11.0,38.0
87800902,0.55,0.8,0.89,0.67,0.77,0,0,0,2,60.0,264.0,29,0,0,0,0,0,0.0,2,37,0,47.0,103.0
34586489,0.85,0.8,0.67,0.85,0.95,0,0,0,61,253.0,170.0,39,0,0,0,0,0,0.0,1,10,0,132.0,84.0
39768104,0.64,0.61,0.72,0.85,0.73,0,0,2,1,263.0,277.0,312,0,0,1,1,180,4.0,1,0,0,74.0,631.0
344629016,0.59,0.61,0.64,0.83,0.65,0,0,0,2,0.0,0.0,0,0,1,0,0,0,0.0,1,21,0,0.0,0.0
26765936,0.61,0.68,0.59,0.92,0.65,0,0,0,2,334.0,203.0,69,0,0,0,0,0,0.0,1,48,0,31.0,941.0
2971903,0.67,0.76,0.57,0.8,0.68,0,0,0,0,23.0,443.0,53,0,0,0,0,0,0.0,2,16,0,318.0,43.0
3702231,0.63,0.89,0.87,0.75,0.79,25,1,4,2,381.0,298.0,1000,19,0,13,8,729,0.0,1,122,141,122.0,3301.0
159094254,0.64,0.55,0.69,0.56,0.72,0,0,0,2,34.0,272.0,14,0,0,0,0,0,0.0,2,0,0,1.0,37.0
225287563,0.47,0.64,0.79,0.59,0.75,0,0,0,0,15.0,79.0,56,0,0,0,0,0,0.0,2,0,0,8.0,143.0
50289601,0.64,0.72,0.61,0.52,0.79,0,0,0,1905655,0.0,0.0,0,0,1,0,0,0,0.0,2,10,0,0.0,0.0
15765229,0.73,0.75,0.88,0.6,0.76,0,0,0,2,276.0,197.0,154,0,0,0,0,0,0.0,1,0,0,36.0,373.0
70085780,0.61,0.45,0.61,0.88,0.76,0,0,0,72,95.0,82.0,8,0,0,0,0,0,0.0,2,0,0,0.0,28.0
170224291,0.64,0.47,0.83,0.63,0.84,0,0,0,72,109.0,117.0,83,0,0,0,0,0,0.0,2,0,0,157.0,457.0
317998474,0.61,0.41,0.65,0.92,0.77,0,0,0,2,0.0,0.0,0,0,1,0,0,0,0.0,1,24,0,0.0,0.0
162909840,0.65,0.4,0.8,0.68,0.89,0,0,0,72,0.0,0.0,0,0,1,0,0,0,0.0,1,0,0,0.0,0.0
60791124,0.72,0.57,0.68,0.65,0.83,69,0,0,72,104.0,139.0,66,4,0,1,1,52,1.0,2,105,0,49.0,23.0
27058416,0.65,0.65,0.84,0.31,0.69,0,0,0,72,0.0,0.0,0,0,1,0,0,0,0.0,1,0,0,0.0,0.0
94066719,0.6,0.75,0.83,0.57,0.73,0,0,0,99,45.0,133.0,14,0,0,0,0,0,0.0,2,17,0,0.0,0.0
6842801,0.57,0.67,0.77,0.64,0.75,0,0,0,2,0.0,326.0,29,0,0,0,0,0,0.0,2,53,0,5.0,860.0
15346136,0.49,0.85,0.4,0.93,0.72,14,1,0,59,62.0,256.0,260,1,0,1,1,3,0.0,2,0,3,4.0,187.0
157907116,0.43,0.81,0.65,1.0,0.64,0,0,0,72,152.0,85.0,157,0,0,0,0,0,0.0,1,0,0,10.0,28.0
3421120,0.71,0.41,0.51,0.8,0.64,119,5,11,2,223.0,118.0,30,1,0,8,12,471,1.0,1,68,43,9.0,241.0
33212383,0.55,0.6,0.68,0.89,0.67,0,0,4,6492,86.0,230.0,143,4,0,1,0,25,0.0,2,81,0,4.0,353.0
20802612,0.75,0.8,0.67,0.65,0.85,0,0,0,72,194.0,157.0,28,0,0,0,0,0,0.0,1,0,0,565.0,1041.0
28012667,0.67,0.75,0.8,0.45,0.72,0,0,0,2,104.0,177.0,289,0,0,11,3,874,4.0,2,3,0,391.0,12.0
107817343,0.64,0.6,0.81,0.77,0.75,0,0,0,2,550.0,460.0,64,0,0,0,0,0,0.0,1,0,0,939.0,700.0
267140490,0.59,0.84,0.6,0.64,0.84,0,0,0,1802375,101.0,72.0,282,0,0,0,0,0,7.0,1,47,0,0.0,1.0
18910355,0.39,0.36,0.44,0.63,0.52,0,0,0,1,173.0,229.0,138,0,0,0,0,0,0.0,2,0,0,579.0,1585.0
273780971,0.43,0.49,0.52,0.6,0.45,0,0,0,56,127.0,54.0,75,0,0,0,0,0,0.0,2,5,0,128.0,31.0
478321,0.71,0.68,0.69,0.68,0.84,0,0,0,0,34.0,75.0,6,0,0,0,0,0,0.0,2,0,0,17.0,365.0
2412512,0.52,0.77,0.84,0.67,0.47,0,0,0,2,0.0,0.0,0,0,1,0,0,0,0.0,1,15,0,0.0,0.0
38020195,0.57,0.77,0.81,0.81,0.72,0,0,0,49,19.0,46.0,2,0,0,0,0,0,0.0,2,0,0,0.0,0.0
40527812,0.81,0.84,0.75,0.25,0.92,0,0,0,650,5.0,0.0,1,0,0,0,0,0,6.0,1,0,0,0.0,3.0
34929794,0.56,0.83,0.95,0.52,0.73,0,0,0,2,31.0,125.0,56,0,0,0,0,0,0.0,2,0,0,0.0,5.0
196017324,0.51,0.87,0.77,0.63,0.8,0,0,0,37,0.0,87.0,60,0,0,0,0,0,0.0,1,10,0,31.0,4.0
50780197,0.44,0.56,0.8,0.83,0.52,0,0,0,1,28.0,64.0,13,0,0,0,0,0,0.0,2,0,0,0.0,1.0
96861114,0.47,0.68,0.79,0.64,0.63,23,1,0,1,0.0,67.0,31,0,0,5,1,0,1.0,2,0,0,0.0,0.0
218406555,0.55,0.75,0.83,0.45,0.76,0,0,0,2,45.0,184.0,74,0,0,0,0,0,0.0,2,28,0,276.0,26.0
58571762,0.61,0.53,0.93,0.35,0.57,0,0,0,73,81.0,114.0,38,0,0,0,0,0,0.0,2,0,0,666.0,40.0
7533276,0.68,0.55,0.83,0.59,0.73,0,0,0,1,100.0,236.0,32,0,0,0,0,0,0.0,2,0,0,19.0,164.0
450044817,0.79,0.76,0.67,0.88,0.83,0,0,0,0,3.0,127.0,16,0,0,0,0,0,0.0,2,0,0,3.0,105.0
11534013,0.69,0.79,0.76,0.59,0.77,0,0,0,2,349.0,469.0,49,0,0,0,0,0,0.0,2,0,0,116.0,109.0
1120219,0.77,0.85,0.72,0.64,0.79,437,2,4,0,57.0,339.0,265,3,0,7,5,165,0.0,2,0,333,463.0,1178.0
153737603,0.49,0.51,0.51,0.53,0.59,0,0,0,2,0.0,0.0,0,0,1,0,0,0,0.0,1,0,0,0.0,0.0
5860598,0.53,0.67,0.87,0.55,0.73,0,0,0,2,6.0,18.0,1,0,0,0,0,0,0.0,2,0,0,6.0,2.0
16912447,0.55,0.48,0.76,0.43,0.68,0,0,0,2,0.0,0.0,0,0,1,0,0,0,0.0,2,16,0,0.0,0.0
18339148,0.6,0.63,0.79,0.39,0.71,0,0,0,0,0.0,0.0,0,0,1,0,0,0,0.0,2,0,0,0.0,0.0
54459467,0.57,0.83,0.84,0.56,0.72,0,0,0,110,601.0,198.0,92,0,0,0,0,0,0.0,1,0,0,0.0,5264.0
32348202,0.68,0.69,0.85,0.55,0.75,0,0,0,2,57.0,139.0,54,0,0,0,0,0,0.0,2,0,0,837.0,199.0
202230988,0.53,0.29,0.35,0.32,0.37,0,0,0,0,11.0,32.0,10,0,0,0,0,0,0.0,2,0,0,28.0,155.0
175676662,0.32,0.64,0.68,0.75,0.75,0,0,0,2,37.0,28.0,42,0,0,0,0,0,0.0,1,0,0,78.0,106.0
198662572,0.88,0.63,0.61,0.4,0.89,0,0,0,37,90.0,145.0,157,0,0,0,0,0,0.0,2,22,0,25.0,63.0
171796238,0.63,0.72,0.61,0.63,0.76,8,2,1,57,101.0,252.0,266,8,0,9,1,208,2.0,1,48,15,194.0,62.0
67401043,0.68,0.72,0.84,0.39,0.59,0,0,0,57,93.0,224.0,57,0,0,0,0,0,0.0,2,0,0,432.0,3.0
134901087,0.93,0.73,0.73,0.37,0.69,0,0,0,99,164.0,176.0,169,0,0,0,0,0,7.0,2,13,0,19.0,37.0
167951127,0.67,0.69,0.53,0.56,0.77,0,0,0,1,79.0,261.0,75,0,0,0,0,0,0.0,2,0,0,26.0,0.0
415219237,0.5,0.73,0.73,0.67,0.67,0,0,0,0,0.0,0.0,0,0,1,0,0,0,0.0,2,35,0,0.0,0.0
276339052,0.7,0.67,0.87,0.87,1.0,0,0,0,502,386.0,815.0,1026,0,0,0,0,645,0.0,2,6,0,282.0,21.0
390377437,0.73,0.93,0.8,0.33,0.73,0,0,0,0,1.0,32.0,3,0,0,0,0,0,0.0,2,0,0,1.0,3.0
179848802,0.7,0.9,0.67,0.9,0.93,0,0,0,144,29.0,145.0,1,0,0,0,0,0,6.0,2,8,0,62.0,22.0
530328577,0.8,0.8,0.5,0.9,0.8,0,0,0,59,0.0,63.0,10,0,0,0,0,0,0.0,2,31,0,3.0,5.0
450101882,0.73,0.87,0.77,0.67,0.53,0,0,0,105,7.0,107.0,97,0,0,0,0,0,0.0,2,25,0,1.0,91.0
467020944,0.7,0.57,0.73,0.87,0.83,0,0,0,2722627,5.0,136.0,72,0,0,0,0,0,4.0,2,20,0,0.0,11.0
221315028,0.53,0.77,0.57,0.9,0.7,0,0,0,794,50.0,43.0,428,0,0,0,0,0,0.0,2,0,0,440.0,0.0
202708244,0.67,0.67,0.57,0.93,0.77,0,0,0,1082110,1454.0,821.0,1680,0,0,0,0,0,0.0,1,51,0,0.0,8664.0
174514127,0.67,0.8,0.83,0.73,0.9,0,0,0,0,0.0,170.0,101,0,0,1,4,132,0.0,2,0,0,7.0,5.0
483276871,0.9,0.7,0.4,0.9,0.73,0,0,0,0,106.0,95.0,288,0,0,0,0,0,0.0,1,1,0,9.0,9.0
420259540,0.67,0.63,0.9,0.57,0.7,0,0,0,134,0.0,0.0,0,0,1,0,0,0,0.0,1,14,0,0.0,0.0
250659348,0.83,0.7,0.63,0.57,0.7,1,6,1,1,54.0,139.0,16,1,0,1,3,1,5.0,2,25,1,26.0,1.0
511476069,0.73,0.77,0.73,0.63,0.83,0,0,0,0,0.0,0.0,0,0,1,0,0,0,0.0,2,29,0,0.0,0.0
519484620,0.67,0.8,0.73,0.77,0.7,135,1,3,73,0.0,6.0,6,5,0,1,1,88,0.0,1,30,18,10.0,5.0
334555595,0.53,0.67,0.7,0.53,0.53,8,1,1,3193,147.0,46.0,493,1,0,1,1,40,0.0,2,2,39,0.0,69.0
526088524,0.73,0.7,0.57,0.77,0.73,0,0,0,3858,13.0,51.0,36,0,0,0,0,0,0.0,1,26,0,4.0,33.0
214823477,0.43,0.83,0.47,0.8,0.53,0,0,0,72,307.0,25.0,252,0,0,0,0,0,0.0,1,20,0,127.0,439.0
248235545,0.83,0.73,0.8,0.8,0.8,0,0,0,16619,1.0,2.0,3,0,0,0,0,0,0.0,2,0,0,1.0,0.0
178093036,0.77,0.73,0.77,0.7,0.77,0,0,0,0,0.0,0.0,0,0,1,0,0,0,0.0,1,0,0,0.0,0.0
556610697,0.77,0.77,0.57,0.8,0.77,0,0,0,0,0.0,0.0,0,0,1,0,0,0,0.0,1,3,0,0.0,0.0
253419693,0.4,0.57,0.83,0.5,0.4,0,0,0,1263,72.0,70.0,165,0,0,1,2,19,0.0,2,0,12,31.0,1130.0
529875516,0.7,0.73,0.77,0.6,0.77,0,0,0,398,70.0,108.0,180,0,0,0,0,0,0.0,1,1,0,182.0,12.0
379473175,0.6,0.83,0.77,0.67,0.67,0,0,0,1515864,58.0,664.0,74,0,0,0,0,0,0.0,1,24,0,23.0,172.0
571894239,0.63,0.87,0.63,0.7,0.63,0,0,0,10,0.0,17.0,1,0,0,0,0,0,0.0,2,0,0,0.0,0.0
536592784,0.93,0.97,0.83,0.83,0.97,0,0,0,99,4.0,87.0,24,0,0,0,0,0,5.0,1,10,0,8.0,32.0
401719339,0.73,0.67,0.77,0.4,0.7,0,0,0,1488,11.0,164.0,9,0,0,0,0,0,0.0,1,35,0,10.0,332.0
401719339,0.73,0.67,0.77,0.4,0.7,0,0,0,1488,11.0,164.0,9,0,0,0,0,0,0.0,1,35,0,10.0,332.0
401719339,0.73,0.67,0.77,0.4,0.7,0,0,0,1488,11.0,164.0,9,0,0,0,0,0,0.0,1,35,0,10.0,332.0
401719339,0.97,0.6,0.53,0.53,0.67,0,0,0,1488,11.0,164.0,9,0,0,0,0,0,0.0,1,35,0,10.0,332.0
401719339,0.97,0.6,0.53,0.53,0.67,0,0,0,1488,11.0,164.0,9,0,0,0,0,0,0.0,1,35,0,10.0,332.0
401719339,0.97,0.6,0.53,0.53,0.67,0,0,0,1488,11.0,164.0,9,0,0,0,0,0,0.0,1,35,0,10.0,332.0
401719339,0.67,0.33,0.5,0.73,0.8,0,0,0,1488,11.0,164.0,9,0,0,0,0,0,0.0,1,35,0,10.0,332.0
401719339,0.67,0.33,0.5,0.73,0.8,0,0,0,1488,11.0,164.0,9,0,0,0,0,0,0.0,1,35,0,10.0,332.0
401719339,0.67,0.33,0.5,0.73,0.8,0,0,0,1488,11.0,164.0,9,0,0,0,0,0,0.0,1,35,0,10.0,332.0
551280172,0.73,0.77,0.63,0.8,0.93,0,0,0,4834,4.0,30.0,102,0,0,0,0,0,0.0,2,54,0,13.0,1.0
549088988,0.67,0.77,0.67,0.77,0.77,0,0,0,0,7.0,19.0,14,0,0,0,0,0,0.0,1,60,0,5.0,0.0
558472788,0.8,0.87,0.8,0.73,0.77,0,0,0,64,0.0,0.0,0,0,1,0,0,0,0.0,1,0,0,0.0,0.0
119641953,0.5,0.73,0.5,0.87,0.87,0,0,0,0,9.0,81.0,110,0,0,0,0,0,0.0,2,0,0,5.0,10.0
168155140,0.53,0.73,0.77,0.6,0.67,0,0,0,56,4.0,0.0,1,0,0,0,0,0,0.0,1,0,0,0.0,0.0
96558166,0.5,0.47,0.7,0.83,0.63,0,0,0,60,134.0,1427.0,26,0,0,0,0,0,0.0,2,1,0,2.0,2.0
537443312,0.5,0.57,0.37,0.53,0.73,0,0,0,0,0.0,0.0,0,0,1,0,0,0,0.0,1,0,0,0.0,0.0
495186007,0.63,0.8,0.63,0.9,0.73,0,0,0,0,13.0,58.0,54,0,0,0,0,0,0.0,1,0,0,2.0,21.0
189660783,0.57,0.7,0.53,0.73,0.7,0,0,0,0,518.0,100.0,1243,0,0,0,0,0,0.0,1,0,0,277.0,0.0
519976451,0.57,0.7,0.6,0.43,0.53,0,0,1,0,37.0,58.0,27,1,0,0,0,0,0.0,1,4,46,0.0,5.0
387697082,0.63,0.8,0.7,0.63,0.63,0,0,0,64,55.0,100.0,185,0,0,0,0,0,0.0,1,130,0,32.0,4.0
361362704,0.73,0.93,0.6,0.83,0.57,0,0,0,0,41.0,62.0,32,0,0,0,0,0,0.0,2,11,0,16.0,3.0
385588909,0.67,0.83,0.77,0.73,0.8,0,0,0,136,179.0,136.0,870,0,0,0,0,0,0.0,2,12,0,77.0,341.0
442864057,0.67,0.77,0.6,0.83,0.73,111,3,1,51,44.0,406.0,46,2,0,3,1,65,0.0,2,63,0,34.0,261.0
499844131,0.33,0.83,0.7,0.87,0.73,0,0,0,0,50.0,11.0,164,0,0,0,0,0,0.0,2,89,0,224.0,34.0
560145519,0.73,0.97,1.0,0.9,0.97,0,0,0,2225,2.0,23.0,1,0,0,0,0,0,0.0,2,0,0,3.0,1.0
472792191,0.83,0.8,0.8,0.73,0.83,0,0,0,0,30.0,0.0,56,0,0,0,0,0,0.0,2,10,0,100.0,18.0
472792191,0.83,0.8,0.8,0.73,0.83,0,0,0,0,30.0,0.0,56,0,0,0,0,0,0.0,2,10,0,100.0,18.0
472792191,0.53,0.63,0.6,0.67,0.77,0,0,0,0,30.0,0.0,56,0,0,0,0,0,0.0,2,10,0,100.0,18.0
472792191,0.53,0.63,0.6,0.67,0.77,0,0,0,0,30.0,0.0,56,0,0,0,0,0,0.0,2,10,0,100.0,18.0
190134328,0.6,0.67,0.47,0.87,0.77,0,0,0,182,0.0,0.0,0,0,1,0,0,0,0.0,1,45,0,0.0,0.0
513181420,0.7,0.73,0.77,0.73,0.77,0,0,0,1094848,1.0,66.0,32,0,0,0,0,0,0.0,2,4,0,7.0,9.0
556352189,0.8,0.67,0.77,0.87,0.87,0,0,0,1,4.0,26.0,15,0,0,0,0,0,0.0,1,0,0,20.0,58.0
310977740,0.53,0.5,0.7,0.73,0.73,5,0,0,0,14.0,52.0,40,0,0,0,0,0,2.0,2,34,0,388.0,422.0
471434721,0.57,0.7,0.73,0.77,0.63,0,0,0,5470025,9.0,26.0,7,0,0,0,0,0,0.0,2,0,0,0.0,5.0
425970042,0.63,0.33,0.33,0.87,0.67,1,0,0,0,15.0,31.0,24,0,0,0,0,0,0.0,2,9,0,46.0,40.0
521404864,0.7,0.77,0.7,0.8,0.77,0,0,0,972,243.0,271.0,361,0,0,0,0,0,0.0,1,12,0,43.0,323.0
276436989,0.5,0.63,0.53,0.8,0.73,0,0,0,157,44.0,194.0,53,0,0,0,0,0,0.0,1,8,0,10.0,25.0
454948327,0.7,0.93,0.57,0.7,0.77,0,0,0,0,1.0,13.0,14,0,0,0,0,0,0.0,1,0,0,0.0,4.0
370559900,0.77,0.73,0.73,0.7,0.67,0,0,0,668,18.0,82.0,351,0,0,0,0,0,6.0,1,75,0,7.0,88.0
549511970,0.73,0.77,0.67,0.77,0.9,0,0,0,1722,3.0,69.0,56,0,0,0,0,0,0.0,1,6,0,0.0,36.0
473884526,0.7,0.8,0.5,0.73,0.8,0,0,0,0,2.0,36.0,124,0,0,0,0,0,0.0,2,5,0,27.0,9.0
540857456,0.47,0.73,0.57,0.83,0.77,0,0,0,60,0.0,0.0,0,0,1,0,0,0,0.0,1,3,0,0.0,0.0
262106408,0.6,0.77,0.73,0.83,0.53,0,0,0,0,30.0,100.0,56,0,0,0,0,0,2.0,1,14,0,13.0,7.0
441814216,0.73,0.6,0.7,0.83,0.73,0,0,0,97,146.0,40.0,110,0,0,0,0,0,6.0,1,0,0,17.0,30.0
425918252,0.77,0.7,0.8,0.8,0.8,0,0,0,0,0.0,0.0,0,0,1,0,0,0,0.0,1,40,0,0.0,0.0
106940091,0.63,0.8,0.7,0.57,0.8,0,0,0,0,0.0,0.0,0,0,1,0,0,0,0.0,1,5,0,0.0,0.0
567405051,0.43,0.8,0.47,0.6,0.6,0,0,0,1998,0.0,0.0,0,0,1,0,0,0,0.0,1,0,0,0.0,0.0
217474453,0.8,0.97,0.8,0.77,0.87,0,0,0,0,117.0,292.0,391,0,0,0,0,0,0.0,2,0,0,263.0,852.0
369928641,0.5,0.67,0.6,0.83,0.77,0,0,0,14829,1107.0,22.0,52,0,0,0,0,0,0.0,1,1,0,77.0,0.0
540220561,0.77,0.73,0.73,0.63,0.8,0,0,0,85,73.0,116.0,187,1,0,0,0,0,0.0,2,2,0,416.0,4.0
301776924,0.5,0.63,0.83,0.4,0.43,0,0,0,0,7.0,79.0,85,0,0,0,0,0,0.0,2,6,0,7.0,232.0
415995461,0.77,0.73,0.7,0.7,0.53,0,0,0,88,53.0,130.0,148,0,0,0,0,0,0.0,2,0,0,16.0,0.0
497997372,0.7,0.7,0.63,0.73,0.77,0,0,0,123,10.0,22.0,1,0,0,0,0,0,0.0,2,15,0,0.0,3.0
558931930,0.4,0.47,0.4,0.4,0.47,0,0,0,0,0.0,0.0,0,0,1,0,0,0,0.0,1,47,0,0.0,0.0
2254227,0.5,0.8,0.87,0.47,0.73,0,1,1,2,8.0,33.0,8,1,0,0,0,27,4.0,2,0,0,3.0,10.0
226846823,0.5,0.57,0.87,0.6,0.77,0,0,0,0,0.0,0.0,1,0,0,0,0,0,0.0,2,0,0,0.0,0.0
522585728,1.0,0.77,0.87,0.67,0.97,0,0,0,2404,0.0,0.0,0,0,1,0,0,0,0.0,1,0,0,0.0,0.0
562370158,0.67,0.67,0.47,0.67,0.77,0,0,0,0,0.0,10.0,19,0,0,0,0,0,8.0,2,16,0,0.0,3.0
182528183,0.73,0.77,0.7,0.43,0.7,0,0,0,1,0.0,0.0,0,0,1,0,0,0,0.0,2,0,0,0.0,0.0
306215564,0.8,0.5,0.57,0.73,0.83,0,0,0,0,0.0,0.0,0,0,1,0,0,0,0.0,1,3,0,0.0,0.0
493954050,0.77,0.83,0.73,0.83,0.97,0,0,0,2943,0.0,33.0,27,0,0,0,0,0,0.0,2,0,0,1.0,10.0
501958894,0.67,0.77,0.67,0.87,0.77,0,0,0,55,67.0,49.0,39,0,0,0,0,0,0.0,2,0,0,99.0,1.0
441699931,0.63,0.63,0.63,0.8,0.73,0,0,0,0,230.0,45.0,1565,0,0,0,0,0,0.0,1,0,0,122.0,11.0
535157275,0.37,0.77,0.6,0.53,0.83,0,0,0,177,1.0,20.0,18,0,0,0,0,0,0.0,2,8,0,1.0,15.0
563224779,0.7,0.87,0.8,0.6,0.97,0,0,0,4599,0.0,0.0,0,0,1,0,0,0,0.0,1,23,0,0.0,0.0
151385084,0.73,0.87,0.77,0.7,0.6,0,0,0,3667,223.0,363.0,269,0,0,0,0,0,0.0,1,18,0,478.0,52.0
523147761,0.83,0.63,0.83,0.73,0.73,0,0,0,104,10.0,55.0,32,0,0,0,0,0,7.0,2,57,0,3.0,16.0
519680629,0.7,0.67,0.57,0.73,0.73,0,0,0,109,1.0,11.0,49,0,0,0,0,0,0.0,1,30,0,0.0,1.0
547246011,0.67,0.73,0.57,0.63,0.8,0,0,0,3169,6.0,43.0,73,0,0,0,0,0,0.0,1,23,0,0.0,28.0
221126789,0.2,0.2,0.2,0.2,0.23,0,0,0,0,20.0,19.0,123,0,0,0,0,0,0.0,1,5,0,112.0,447.0
325988730,0.73,0.8,0.77,0.83,0.7,0,0,0,168,0.0,0.0,0,0,1,0,0,0,0.0,2,26,0,0.0,0.0
566840099,0.83,0.77,0.7,0.83,0.73,0,0,0,97,0.0,9.0,39,0,0,0,0,0,0.0,2,0,0,0.0,39.0
555084092,0.87,0.97,0.9,0.77,0.67,0,0,0,3369,0.0,0.0,0,0,1,0,0,0,0.0,2,0,0,0.0,0.0
564067527,0.73,0.93,0.77,0.67,0.83,0,0,0,1573,6.0,16.0,47,0,0,0,0,0,0.0,2,0,0,0.0,17.0
408035489,0.63,0.63,0.77,0.73,0.7,0,0,0,0,0.0,0.0,0,0,1,0,0,0,0.0,2,61,0,0.0,0.0
451006944,0.7,0.73,0.67,0.73,0.83,0,0,0,0,26.0,105.0,286,0,0,0,0,0,7.0,2,30,0,52.0,12.0
208011469,0.4,0.8,0.8,0.87,0.8,0,0,0,0,43.0,323.0,2,0,0,0,0,0,0.0,1,15,0,0.0,0.0
280667222,0.83,0.67,0.77,0.7,0.67,0,0,0,0,68.0,85.0,68,0,0,0,0,0,0.0,2,6,0,174.0,1.0
315025560,0.87,0.67,0.57,0.8,0.9,0,0,0,4644,244.0,228.0,166,0,0,0,0,0,0.0,1,25,0,17.0,20.0
559884959,0.77,0.87,0.83,0.8,0.83,0,0,0,33,1.0,4.0,2,0,0,0,0,0,0.0,1,0,0,0.0,1.0
398648753,0.9,0.8,0.83,0.9,0.67,0,0,0,0,57.0,0.0,412,0,0,0,0,0,0.0,1,24,0,16.0,3.0
476451567,0.47,0.53,0.53,0.9,0.7,0,0,0,0,0.0,0.0,0,0,1,0,0,0,0.0,2,15,0,0.0,0.0
318148006,0.6,0.8,0.8,0.47,0.63,0,0,0,100,3.0,6.0,1,0,0,0,0,0,0.0,1,51,0,0.0,5.0
290348816,0.57,0.87,0.7,0.83,0.7,0,0,0,0,0.0,0.0,0,0,1,0,0,0,0.0,1,0,0,0.0,0.0
456565464,0.67,0.7,0.7,0.83,0.73,0,0,0,1114287,27.0,59.0,106,0,0,0,0,0,0.0,1,0,0,0.0,0.0
389927950,0.8,0.73,0.7,0.73,0.77,0,0,0,642,0.0,0.0,0,0,1,0,0,0,0.0,1,77,0,0.0,0.0
389927950,0.8,0.73,0.7,0.73,0.77,0,0,0,642,0.0,0.0,0,0,1,0,0,0,0.0,1,77,0,0.0,0.0
389927950,0.8,0.73,0.7,0.73,0.77,0,0,0,642,0.0,0.0,0,0,1,0,0,0,0.0,1,77,0,0.0,0.0
389927950,0.97,1.0,0.97,0.97,1.0,0,0,0,642,0.0,0.0,0,0,1,0,0,0,0.0,1,77,0,0.0,0.0
389927950,0.97,1.0,0.97,0.97,1.0,0,0,0,642,0.0,0.0,0,0,1,0,0,0,0.0,1,77,0,0.0,0.0
389927950,0.97,1.0,0.97,0.97,1.0,0,0,0,642,0.0,0.0,0,0,1,0,0,0,0.0,1,77,0,0.0,0.0
389927950,0.2,0.2,0.2,0.2,0.2,0,0,0,642,0.0,0.0,0,0,1,0,0,0,0.0,1,77,0,0.0,0.0
389927950,0.2,0.2,0.2,0.2,0.2,0,0,0,642,0.0,0.0,0,0,1,0,0,0,0.0,1,77,0,0.0,0.0
389927950,0.2,0.2,0.2,0.2,0.2,0,0,0,642,0.0,0.0,0,0,1,0,0,0,0.0,1,77,0,0.0,0.0
165279311,0.47,0.7,0.73,0.83,0.6,0,0,0,21855,21.0,29.0,13,0,0,0,0,0,6.0,2,0,0,466.0,0.0
262493961,0.87,0.8,0.6,0.53,0.93,0,0,0,0,0.0,0.0,0,0,1,0,0,0,0.0,2,36,0,0.0,0.0
465419797,0.57,0.63,0.67,0.53,0.87,0,0,1,104,52.0,40.0,456,1,0,1,1,1727,1.0,2,69,17,7.0,551.0
537324608,0.77,0.6,0.63,0.7,0.6,12,1,1,93,11.0,50.0,22,1,0,1,1,190,5.0,1,48,5,0.0,27.0
364270355,0.53,0.63,0.53,0.57,0.77,0,0,0,0,8.0,25.0,41,0,0,0,0,0,0.0,2,51,0,50.0,34.0
536460037,0.8,0.67,0.53,0.93,0.7,0,0,0,2,0.0,0.0,0,0,1,0,0,0,0.0,1,25,0,0.0,0.0
355266949,0.57,0.73,0.57,0.67,0.83,0,0,0,72,0.0,0.0,0,0,1,0,0,0,0.0,2,0,0,0.0,0.0
379262653,0.63,0.6,0.63,0.7,0.83,0,0,0,0,183.0,53.0,136,0,0,0,0,0,0.0,2,3,0,63.0,7.0
420495286,0.67,0.63,0.67,0.63,0.83,0,0,0,3962,82.0,53.0,202,0,0,0,0,0,0.0,2,25,0,10.0,455.0
505467535,0.53,0.8,0.8,0.73,0.6,0,0,0,0,0.0,0.0,0,0,1,0,0,0,0.0,2,0,0,0.0,0.0
556893461,0.57,0.8,0.8,0.77,0.83,0,0,0,12945,1.0,57.0,69,0,0,0,0,0,7.0,2,35,0,2.0,36.0
556893461,0.57,0.8,0.8,0.77,0.83,0,0,0,12945,1.0,57.0,69,0,0,0,0,0,7.0,2,35,0,2.0,36.0
556893461,0.67,0.27,0.73,0.67,0.73,0,0,0,12945,1.0,57.0,69,0,0,0,0,0,7.0,2,35,0,2.0,36.0
556893461,0.67,0.27,0.73,0.67,0.73,0,0,0,12945,1.0,57.0,69,0,0,0,0,0,7.0,2,35,0,2.0,36.0
524987367,0.37,0.77,0.63,0.9,0.7,0,0,0,0,62.0,17.0,61,0,0,0,0,0,0.0,1,62,0,99.0,67.0
489228051,0.67,0.63,0.6,0.63,0.67,0,0,0,0,86.0,102.0,26,0,0,0,0,0,0.0,2,0,0,33.0,3.0
525651788,0.63,0.77,0.7,0.87,0.6,0,0,0,1133,0.0,12.0,1,0,0,0,0,0,0.0,1,0,0,0.0,3.0
248170099,0.87,0.93,0.7,0.73,0.97,0,0,0,0,529.0,84.0,132,0,0,0,0,0,0.0,2,63,0,1511.0,6632.0
368430601,0.77,0.87,0.8,0.83,0.83,0,0,0,0,78.0,208.0,290,0,0,0,0,0,0.0,1,10,0,21.0,1.0
19244087,0.73,0.8,0.77,0.63,0.8,0,0,0,169,18.0,193.0,13,0,0,0,0,0,0.0,2,115,0,19.0,68.0
311593374,0.87,0.9,0.8,0.6,0.77,0,0,0,147,6.0,46.0,13,0,0,0,0,0,0.0,1,15,0,7.0,13.0
529449643,0.77,0.6,0.67,0.63,0.77,0,0,0,0,3.0,0.0,56,0,0,0,0,0,0.0,1,0,0,2.0,1.0
559132077,0.77,0.7,0.67,0.6,0.8,0,0,0,130,0.0,0.0,0,0,1,0,0,0,0.0,1,0,0,0.0,0.0
525591319,0.53,0.73,0.63,0.6,0.67,0,0,0,0,113.0,94.0,274,0,0,0,0,0,0.0,1,11,0,0.0,3.0
545407512,0.6,0.8,0.97,0.4,0.8,0,0,0,6429,2.0,84.0,70,0,0,0,0,0,0.0,2,0,0,5.0,2.0
488930104,0.6,0.6,0.7,0.73,0.93,0,0,0,635,0.0,0.0,0,0,1,0,0,0,0.0,1,5,0,0.0,0.0
363877302,0.53,0.73,0.7,0.57,0.7,0,0,0,0,229.0,58.0,260,0,0,0,0,0,0.0,2,44,0,311.0,1.0
548067088,0.7,0.7,0.7,0.67,0.63,0,0,0,0,0.0,1.0,1,0,0,0,0,0,0.0,1,0,0,0.0,0.0
180885205,0.83,0.73,0.6,0.8,0.73,0,0,2,147,201.0,224.0,423,0,0,1,1,0,0.0,1,28,0,101.0,15.0
560261268,0.67,0.7,0.6,0.7,0.63,0,0,0,0,3.0,5.0,6,0,0,0,0,0,0.0,1,0,0,14.0,11.0
520422266,0.63,0.7,0.6,0.87,0.73,0,0,0,0,0.0,50.0,34,0,0,0,0,0,0.0,1,28,0,1.0,7.0
160909977,0.6,0.83,0.73,0.87,0.73,0,0,0,0,0.0,0.0,0,0,1,0,0,0,0.0,1,32,0,0.0,0.0
193881854,0.37,0.57,0.5,0.83,0.83,0,0,0,0,0.0,0.0,0,0,1,0,0,0,0.0,1,0,0,0.0,0.0
437422007,0.77,0.73,0.77,0.47,0.83,0,0,0,122,842.0,54.0,186,0,0,0,0,0,0.0,1,14,0,119.0,2.0
527735905,0.7,0.77,0.77,0.57,0.8,0,0,0,158,6.0,44.0,37,0,0,0,0,0,0.0,2,0,0,5.0,2.0
544515565,0.73,0.53,0.57,0.67,0.67,0,0,0,0,0.0,0.0,0,0,1,0,0,0,0.0,1,3,0,0.0,0.0
548057633,0.63,0.73,0.77,0.87,0.77,0,0,0,0,2.0,21.0,87,0,0,0,0,0,0.0,2,37,0,0.0,15.0
348876554,0.77,0.83,0.73,0.77,0.93,0,0,0,123,52.0,223.0,325,0,0,0,0,0,0.0,1,1,0,118.0,67.0
371904160,0.57,0.67,0.57,0.67,0.6,0,0,0,40,27.0,40.0,7,0,0,0,0,0,0.0,1,0,0,0.0,15.0
198292845,0.47,0.7,0.6,0.8,0.63,0,0,0,0,8.0,21.0,44,0,0,0,0,0,0.0,1,42,0,16.0,1551.0
198292845,0.47,0.7,0.6,0.8,0.63,0,0,0,0,8.0,21.0,44,0,0,0,0,0,0.0,1,42,0,16.0,1551.0
198292845,0.43,0.6,0.77,0.8,0.5,0,0,0,0,8.0,21.0,44,0,0,0,0,0,0.0,1,42,0,16.0,1551.0
198292845,0.43,0.6,0.77,0.8,0.5,0,0,0,0,8.0,21.0,44,0,0,0,0,0,0.0,1,42,0,16.0,1551.0
301021870,0.43,0.53,0.6,0.73,0.57,0,0,0,899,0.0,47.0,12,0,0,0,0,0,0.0,2,1,0,0.0,2.0
554681608,0.7,0.87,0.7,0.77,0.63,0,0,0,0,0.0,0.0,0,0,1,0,0,0,0.0,1,85,0,0.0,0.0
484645189,0.67,0.87,0.47,0.8,0.83,0,0,0,18,2.0,4.0,9,0,0,0,0,0,0.0,2,0,0,0.0,7.0
327857876,0.63,0.73,0.53,0.7,0.77,0,0,1,113,53.0,484.0,68,1,0,1,4,0,0.0,2,9,0,0.0,62.0
327857876,0.63,0.73,0.53,0.7,0.77,0,0,1,113,53.0,484.0,68,1,0,1,4,0,0.0,2,9,0,0.0,62.0
327857876,0.67,0.8,0.5,0.73,0.8,0,0,1,113,53.0,484.0,68,1,0,1,4,0,0.0,2,9,0,0.0,62.0
327857876,0.67,0.8,0.5,0.73,0.8,0,0,1,113,53.0,484.0,68,1,0,1,4,0,0.0,2,9,0,0.0,62.0
333000859,0.57,0.7,0.57,0.8,0.5,967,0,0,0,391.0,9.0,48,0,0,0,0,0,0.0,2,0,0,34.0,0.0
549560784,0.7,0.77,0.37,0.77,0.7,0,0,0,155,0.0,0.0,0,0,1,0,0,0,0.0,2,9,0,0.0,0.0
477007119,0.67,0.73,0.9,0.57,0.67,0,0,0,0,1.0,30.0,7,0,0,0,0,0,0.0,2,0,0,12.0,6.0
421448711,0.83,0.73,0.67,0.5,0.6,0,0,0,13664,60.0,115.0,60,0,0,0,0,0,7.0,1,41,0,6.0,26.0
259094439,0.77,0.57,0.67,0.7,0.8,0,0,0,1100,180.0,86.0,110,0,0,0,0,0,0.0,1,18,0,66.0,0.0
405776873,0.7,0.67,0.67,0.67,0.63,0,0,0,0,257.0,44.0,19,0,0,0,0,0,0.0,1,29,0,9.0,2.0
360086649,0.63,0.4,0.73,0.8,0.83,0,0,0,0,0.0,3.0,1,0,0,0,0,0,0.0,1,0,0,0.0,0.0
360086649,0.63,0.4,0.73,0.8,0.83,0,0,0,0,0.0,3.0,1,0,0,0,0,0,0.0,1,0,0,0.0,0.0
360086649,0.63,0.4,0.73,0.8,0.83,0,0,0,0,0.0,3.0,1,0,0,0,0,0,0.0,1,0,0,0.0,0.0
360086649,0.63,0.4,0.73,0.8,0.83,0,0,0,0,0.0,3.0,1,0,0,0,0,0,0.0,1,0,0,0.0,0.0
360086649,0.47,0.33,0.67,0.83,0.77,0,0,0,0,0.0,3.0,1,0,0,0,0,0,0.0,1,0,0,0.0,0.0
360086649,0.47,0.33,0.67,0.83,0.77,0,0,0,0,0.0,3.0,1,0,0,0,0,0,0.0,1,0,0,0.0,0.0
360086649,0.47,0.33,0.67,0.83,0.77,0,0,0,0,0.0,3.0,1,0,0,0,0,0,0.0,1,0,0,0.0,0.0
360086649,0.47,0.33,0.67,0.83,0.77,0,0,0,0,0.0,3.0,1,0,0,0,0,0,0.0,1,0,0,0.0,0.0
360086649,0.67,0.3,0.9,0.93,0.7,0,0,0,0,0.0,3.0,1,0,0,0,0,0,0.0,1,0,0,0.0,0.0
360086649,0.67,0.3,0.9,0.93,0.7,0,0,0,0,0.0,3.0,1,0,0,0,0,0,0.0,1,0,0,0.0,0.0
360086649,0.67,0.3,0.9,0.93,0.7,0,0,0,0,0.0,3.0,1,0,0,0,0,0,0.0,1,0,0,0.0,0.0
360086649,0.67,0.3,0.9,0.93,0.7,0,0,0,0,0.0,3.0,1,0,0,0,0,0,0.0,1,0,0,0.0,0.0
360086649,0.67,0.33,0.9,0.73,0.67,0,0,0,0,0.0,3.0,1,0,0,0,0,0,0.0,1,0,0,0.0,0.0
360086649,0.67,0.33,0.9,0.73,0.67,0,0,0,0,0.0,3.0,1,0,0,0,0,0,0.0,1,0,0,0.0,0.0
360086649,0.67,0.33,0.9,0.73,0.67,0,0,0,0,0.0,3.0,1,0,0,0,0,0,0.0,1,0,0,0.0,0.0
360086649,0.67,0.33,0.9,0.73,0.67,0,0,0,0,0.0,3.0,1,0,0,0,0,0,0.0,1,0,0,0.0,0.0
534887217,0.63,0.73,0.67,0.7,0.67,0,0,0,0,1.0,7.0,14,0,0,0,0,0,0.0,2,0,0,0.0,2.0
432809368,0.8,0.47,0.63,0.27,0.73,0,0,0,0,21.0,26.0,16,0,0,0,0,0,0.0,1,0,0,0.0,1.0
13367662,0.43,0.6,0.5,0.3,0.67,0,0,0,0,0.0,0.0,0,0,1,0,0,0,0.0,2,0,0,0.0,0.0
537353466,0.57,0.77,0.73,0.77,0.87,0,0,0,0,0.0,0.0,0,0,1,0,0,0,0.0,2,23,0,0.0,0.0
397969992,0.77,0.7,0.7,0.63,0.53,0,0,0,139,159.0,86.0,31,0,0,0,0,0,0.0,2,17,0,9.0,1.0
191801062,0.43,0.63,0.57,1.0,0.53,0,0,0,0,184.0,11.0,42,0,0,0,0,0,0.0,1,26,0,33.0,0.0
473799379,0.67,0.63,0.77,0.7,0.8,0,0,0,0,57.0,27.0,329,0,0,0,0,0,0.0,2,51,0,412.0,1.0
253832894,0.47,0.7,0.53,0.87,0.83,0,0,0,0,0.0,0.0,0,0,1,0,0,0,0.0,2,1,0,0.0,0.0
506675157,0.6,0.7,0.43,0.6,0.7,0,0,0,11,44.0,70.0,302,0,0,0,0,0,0.0,1,62,0,10.0,170.0
539293199,0.97,0.97,0.87,0.7,0.9,0,0,0,72,0.0,0.0,0,0,1,0,0,0,0.0,1,0,0,0.0,0.0
484648008,0.6,0.73,0.53,0.8,0.67,0,0,0,96,0.0,0.0,0,0,1,0,0,0,0.0,1,99,0,0.0,0.0
464781583,0.67,0.8,0.63,0.87,0.73,0,0,0,73,12.0,80.0,41,0,0,0,0,0,0.0,2,26,0,73.0,104.0
558317077,0.77,0.67,0.73,0.67,0.63,0,0,0,10560,10.0,58.0,23,0,0,0,0,0,0.0,1,0,0,36.0,50.0
477675015,0.7,0.7,0.67,0.87,0.83,5,0,0,0,245.0,48.0,91,0,0,0,0,0,0.0,1,24,0,14.0,5.0
234275661,0.63,0.5,0.77,0.6,0.63,0,0,0,1914764,107.0,50.0,119,0,0,0,0,0,0.0,2,0,0,464.0,2.0
529175733,0.53,0.77,0.6,0.73,0.8,0,0,0,0,0.0,29.0,130,0,0,0,0,0,0.0,2,1,0,78.0,31.0
291158629,0.8,0.67,0.63,0.43,0.77,0,0,0,60,106.0,73.0,99,0,0,0,0,0,0.0,1,62,0,12.0,2797.0
554190383,0.6,0.73,0.5,0.9,0.97,0,0,0,0,2.0,17.0,11,0,0,0,0,0,0.0,2,52,0,0.0,154.0
330591890,0.77,0.73,0.93,0.57,0.73,0,0,0,0,0.0,11.0,3,0,0,0,0,0,0.0,1,0,0,3.0,1.0
179294509,0.47,0.7,0.83,0.83,0.6,0,0,0,4644,20.0,15.0,15,0,0,0,0,0,0.0,1,0,0,1.0,72.0
235151030,0.73,0.77,0.67,0.93,0.87,0,0,0,0,84.0,105.0,46,0,0,0,0,0,0.0,1,37,0,786.0,6.0
304527514,0.47,0.87,0.93,0.5,0.7,0,0,0,104,2.0,8.0,1,0,0,0,0,0,0.0,2,0,0,49.0,52.0
433517140,0.63,0.7,0.53,0.8,0.93,0,0,0,0,5.0,87.0,86,0,0,0,0,0,6.0,1,54,0,23.0,88.0
525511351,0.67,0.7,0.7,0.47,0.73,0,0,0,0,8.0,53.0,44,0,0,0,0,0,0.0,2,0,0,1.0,24.0
334809460,0.6,0.67,0.5,0.7,0.6,30,1,1,0,19.0,64.0,25,6,0,3,3,0,6.0,2,0,3,8.0,78.0
334809460,0.6,0.67,0.5,0.7,0.6,30,1,1,0,19.0,64.0,25,6,0,3,3,0,6.0,2,0,3,8.0,78.0
334809460,0.6,0.67,0.5,0.7,0.6,30,1,1,0,19.0,64.0,25,6,0,3,3,0,6.0,2,0,3,8.0,78.0
334809460,0.63,0.67,0.6,0.73,0.57,30,1,1,0,19.0,64.0,25,6,0,3,3,0,6.0,2,0,3,8.0,78.0
334809460,0.63,0.67,0.6,0.73,0.57,30,1,1,0,19.0,64.0,25,6,0,3,3,0,6.0,2,0,3,8.0,78.0
334809460,0.63,0.67,0.6,0.73,0.57,30,1,1,0,19.0,64.0,25,6,0,3,3,0,6.0,2,0,3,8.0,78.0
334809460,0.63,0.8,0.47,0.73,0.67,30,1,1,0,19.0,64.0,25,6,0,3,3,0,6.0,2,0,3,8.0,78.0
334809460,0.63,0.8,0.47,0.73,0.67,30,1,1,0,19.0,64.0,25,6,0,3,3,0,6.0,2,0,3,8.0,78.0
334809460,0.63,0.8,0.47,0.73,0.67,30,1,1,0,19.0,64.0,25,6,0,3,3,0,6.0,2,0,3,8.0,78.0
140929038,0.77,0.83,0.83,0.77,0.73,0,0,0,0,1.0,5.0,1,0,0,0,0,0,0.0,2,0,0,2.0,3.0
140929038,0.77,0.83,0.83,0.77,0.73,0,0,0,0,1.0,5.0,1,0,0,0,0,0,0.0,2,0,0,2.0,3.0
140929038,0.67,0.77,0.9,0.77,0.73,0,0,0,0,1.0,5.0,1,0,0,0,0,0,0.0,2,0,0,2.0,3.0
140929038,0.67,0.77,0.9,0.77,0.73,0,0,0,0,1.0,5.0,1,0,0,0,0,0,0.0,2,0,0,2.0,3.0
555404234,0.53,0.67,0.53,0.33,0.5,0,0,0,21611,0.0,0.0,0,0,1,0,0,0,0.0,2,16,0,0.0,0.0
565274474,0.67,0.63,0.77,0.83,0.73,0,0,0,74,12.0,25.0,19,0,0,0,0,0,0.0,2,7,0,0.0,4.0
496331420,0.6,0.53,0.73,0.77,0.67,0,0,0,1152630,19.0,34.0,5,0,0,0,0,0,0.0,1,71,0,6.0,188.0
513950269,0.67,0.6,0.4,1.0,0.8,0,0,0,44,65.0,79.0,21,0,0,0,0,0,0.0,1,8,0,45.0,8.0
457106109,0.63,0.67,0.7,0.6,0.8,0,0,0,152,0.0,0.0,0,0,1,0,0,0,0.0,2,21,0,0.0,0.0
467058706,0.67,0.77,0.67,0.83,0.8,0,0,0,1,0.0,0.0,0,0,1,0,0,0,0.0,2,62,0,0.0,0.0
468358150,0.53,0.6,0.67,0.63,0.57,0,0,0,0,1.0,26.0,4,0,0,0,0,0,0.0,1,0,0,0.0,7.0
264853376,0.5,0.8,0.67,0.8,0.7,0,0,0,6867,4.0,30.0,7,0,0,0,0,0,4.0,1,0,0,2.0,31.0
490852926,0.5,0.6,0.87,0.9,0.6,44,0,0,7434,0.0,25.0,10,2,0,0,0,22,0.0,2,0,0,5.0,50.0
482698716,0.9,0.73,0.83,0.73,0.9,0,0,0,0,17.0,236.0,93,1,0,0,0,0,3.0,1,15,0,32.0,23.0
474971107,0.77,0.73,0.57,0.97,0.6,0,0,0,312,124.0,58.0,148,0,0,0,0,0,7.0,1,50,0,42.0,19.0
563659259,1.0,0.87,0.97,1.0,1.0,0,0,0,0,5.0,6.0,37,0,0,0,0,0,0.0,1,0,0,0.0,65.0
183936943,0.6,0.93,1.0,0.67,0.93,0,0,0,3255,0.0,0.0,0,0,1,0,0,0,0.0,2,37,0,0.0,0.0
297720446,0.57,0.53,0.5,0.37,0.43,0,0,0,1129456,11.0,295.0,387,0,0,0,0,0,1.0,2,0,0,8.0,22.0
552686476,0.57,0.73,0.77,0.77,0.8,0,0,0,39,18.0,70.0,22,0,0,0,0,0,7.0,1,0,0,0.0,3.0
519726072,0.7,0.7,0.53,0.6,0.77,0,0,1,1638,1.0,63.0,69,10,0,0,1,0,0.0,1,36,15,3.0,58.0
292045003,0.43,0.6,0.6,0.97,0.6,0,0,0,0,41.0,31.0,27,0,0,0,0,0,0.0,1,5,0,28.0,2.0
556709404,0.8,0.83,0.67,0.8,0.8,0,0,0,3653,58.0,77.0,108,0,0,0,0,0,0.0,1,0,0,31.0,9.0
412648727,0.93,1.0,1.0,1.0,1.0,0,0,0,56,20.0,42.0,46,0,0,0,0,0,0.0,2,0,0,2.0,41.0
406850611,0.7,0.73,0.63,0.8,0.77,0,0,0,0,0.0,3.0,1,0,0,0,0,0,0.0,2,4,0,0.0,16.0
283170786,0.47,0.63,0.77,0.63,0.77,0,0,0,0,1.0,0.0,2,0,0,0,0,0,0.0,2,0,0,0.0,0.0
260750223,0.63,0.8,0.73,0.7,0.77,0,0,0,0,73.0,146.0,7,0,0,0,0,0,0.0,2,53,0,20.0,166.0
299731465,0.57,0.57,0.67,0.7,0.73,0,0,0,1150999,130.0,4.0,9,3,0,0,0,15,5.0,2,21,0,11.0,137.0
258779891,0.4,0.67,0.57,0.23,0.47,0,0,0,223,38.0,42.0,16,0,0,0,0,0,0.0,2,0,0,0.0,0.0
132964370,0.57,0.8,0.6,0.97,0.83,0,0,0,1155422,273.0,77.0,87,0,0,0,0,0,0.0,1,11,0,47.0,27.0
171137346,0.67,0.7,0.5,0.6,0.53,0,0,0,1,22.0,41.0,83,0,0,0,0,0,0.0,2,20,0,94.0,0.0
372817678,0.6,0.67,0.6,0.53,0.73,0,0,0,94,0.0,0.0,0,0,1,0,0,0,0.0,1,19,0,0.0,0.0
373125259,0.73,0.73,0.6,0.67,0.77,0,0,0,2,59.0,78.0,115,0,0,0,0,0,0.0,1,31,0,97.0,658.0
436266459,0.57,0.77,0.73,0.7,0.77,0,0,0,0,61.0,81.0,32,0,0,0,0,0,0.0,1,125,0,2.0,1.0
260931604,0.7,0.77,0.8,0.73,0.63,0,0,0,0,25.0,175.0,413,0,0,0,0,0,0.0,2,24,0,43.0,590.0
239161410,0.6,0.67,0.8,0.53,0.73,0,0,0,151,13.0,2.0,1,0,0,0,0,0,0.0,2,0,0,1.0,362.0
542541056,0.57,0.7,0.7,0.8,0.57,0,0,0,0,0.0,0.0,0,0,1,0,0,0,0.0,2,58,0,0.0,0.0
547226863,0.53,0.8,0.67,0.83,0.8,0,0,0,15732,15.0,98.0,246,0,0,0,0,0,0.0,1,36,0,883.0,3.0
381968623,0.9,0.87,0.9,0.87,0.93,67,1,0,1136802,31.0,157.0,56,3,0,1,1,94,0.0,1,9,56,22.0,2.0
127758740,0.63,0.67,0.67,0.63,0.8,0,0,0,135,68.0,90.0,204,0,0,0,0,0,0.0,2,35,0,51.0,4297.0
291433083,0.67,0.83,0.87,1.0,0.87,0,0,0,0,8.0,16.0,3,0,0,0,0,0,0.0,1,0,0,0.0,9.0
83317679,0.53,0.8,0.5,0.8,0.63,0,0,0,99,77.0,95.0,22,0,0,0,0,0,0.0,2,79,0,208.0,18.0
541266769,0.53,0.6,0.57,1.0,0.57,0,0,0,1277,107.0,67.0,206,0,0,0,0,0,0.0,1,14,0,55.0,5.0
303208699,0.67,0.7,0.63,0.73,0.7,15,1,1,0,99.0,15.0,10,1,0,1,1,5,0.0,2,19,4,25.0,4.0
556046831,0.5,0.7,0.67,0.53,0.67,0,0,0,4636477,0.0,0.0,0,0,1,0,0,0,0.0,1,7,0,0.0,0.0
544286255,0.4,0.47,0.47,0.77,0.57,0,0,0,3369,0.0,0.0,0,0,1,0,0,0,0.0,2,57,0,0.0,0.0
301872233,0.97,0.57,0.57,0.6,0.93,0,0,0,1,71.0,157.0,345,0,0,0,0,0,0.0,1,53,0,47.0,1417.0
502410437,0.6,0.73,0.7,0.7,0.67,0,0,0,0,1.0,42.0,30,0,0,0,0,0,0.0,2,18,0,10.0,3.0
523100238,0.6,0.6,0.73,0.7,0.57,0,0,0,0,0.0,0.0,16,0,0,0,0,0,0.0,1,0,0,0.0,1.0
523100238,0.6,0.6,0.73,0.7,0.57,0,0,0,0,0.0,0.0,16,0,0,0,0,0,0.0,1,0,0,0.0,1.0
523100238,0.6,0.6,0.73,0.7,0.57,0,0,0,0,0.0,0.0,16,0,0,0,0,0,0.0,1,0,0,0.0,1.0
523100238,0.47,0.77,0.8,0.4,0.7,0,0,0,0,0.0,0.0,16,0,0,0,0,0,0.0,1,0,0,0.0,1.0
523100238,0.47,0.77,0.8,0.4,0.7,0,0,0,0,0.0,0.0,16,0,0,0,0,0,0.0,1,0,0,0.0,1.0
523100238,0.47,0.77,0.8,0.4,0.7,0,0,0,0,0.0,0.0,16,0,0,0,0,0,0.0,1,0,0,0.0,1.0
523100238,0.63,0.73,0.77,0.67,0.63,0,0,0,0,0.0,0.0,16,0,0,0,0,0,0.0,1,0,0,0.0,1.0
523100238,0.63,0.73,0.77,0.67,0.63,0,0,0,0,0.0,0.0,16,0,0,0,0,0,0.0,1,0,0,0.0,1.0
523100238,0.63,0.73,0.77,0.67,0.63,0,0,0,0,0.0,0.0,16,0,0,0,0,0,0.0,1,0,0,0.0,1.0
540221368,0.63,0.3,0.57,0.57,0.83,0,0,0,0,0.0,0.0,0,0,1,0,0,0,0.0,2,12,0,0.0,0.0
549094193,0.8,0.73,0.73,0.5,0.9,29,1,6,104,54.0,2969.0,280,3,0,3,3,96,0.0,2,111,81,9.0,363.0
332563151,0.8,0.9,0.77,0.7,0.9,0,0,0,5915,114.0,93.0,82,0,0,0,0,0,0.0,1,0,0,0.0,2.0
332563151,0.8,0.9,0.77,0.7,0.9,0,0,0,5915,114.0,93.0,82,0,0,0,0,0,0.0,1,0,0,0.0,2.0
332563151,0.5,0.87,0.8,0.93,0.7,0,0,0,5915,114.0,93.0,82,0,0,0,0,0,0.0,1,0,0,0.0,2.0
332563151,0.5,0.87,0.8,0.93,0.7,0,0,0,5915,114.0,93.0,82,0,0,0,0,0,0.0,1,0,0,0.0,2.0
390403627,0.63,0.8,0.57,0.57,0.63,0,0,0,122,17.0,76.0,14,0,0,0,0,0,4.0,1,37,0,3.0,2.0
554259009,0.6,0.83,0.67,0.73,0.87,0,0,0,0,2.0,63.0,121,0,0,0,0,0,0.0,2,8,0,1.0,11.0
155030232,0.8,0.8,0.63,0.77,0.73,0,0,0,0,264.0,17.0,77,0,0,0,0,0,0.0,2,0,0,0.0,2.0
367573348,0.4,0.73,0.6,0.47,0.53,0,0,0,0,2.0,12.0,2,0,0,0,0,0,0.0,1,0,0,2.0,2.0
454348752,0.57,0.57,0.7,0.9,0.73,0,0,0,0,0.0,102.0,314,0,0,0,0,0,0.0,1,65,0,135.0,1.0
548993982,0.63,0.8,0.73,0.93,0.67,0,0,0,2,0.0,0.0,0,0,1,0,0,0,0.0,2,0,0,0.0,0.0
562680822,0.67,0.77,0.8,0.57,0.57,0,0,0,1142300,3.0,20.0,3,0,0,0,0,0,0.0,2,0,0,0.0,6.0
480985914,0.63,0.7,0.7,0.8,0.87,0,0,0,0,0.0,0.0,0,0,1,0,0,0,0.0,1,0,0,0.0,0.0
314606456,0.57,0.87,0.87,0.63,0.7,0,0,0,55,0.0,26.0,29,0,0,0,0,0,0.0,2,26,0,4.0,12.0
558655748,0.87,0.57,0.7,0.8,0.6,0,0,0,0,27.0,93.0,191,0,0,0,0,0,0.0,1,7,0,35.0,4.0
419720530,0.63,0.73,0.8,0.5,0.67,0,0,0,0,10.0,57.0,150,0,0,0,0,0,0.0,2,0,0,0.0,31.0
419717420,0.63,0.83,0.63,0.73,0.63,0,0,0,0,2.0,42.0,6,0,0,0,0,0,0.0,2,0,0,1.0,6.0
506506951,0.73,0.83,0.7,0.7,0.73,0,0,0,99,74.0,97.0,82,0,0,0,0,0,0.0,1,1,0,34.0,139.0
506506951,0.73,0.83,0.7,0.7,0.73,0,0,0,99,74.0,97.0,82,0,0,0,0,0,0.0,1,1,0,34.0,139.0
506506951,0.6,0.67,0.53,0.7,0.7,0,0,0,99,74.0,97.0,82,0,0,0,0,0,0.0,1,1,0,34.0,139.0
506506951,0.6,0.67,0.53,0.7,0.7,0,0,0,99,74.0,97.0,82,0,0,0,0,0,0.0,1,1,0,34.0,139.0
561616974,0.47,0.7,0.6,0.63,0.67,0,0,0,1,3.0,72.0,60,0,0,0,0,0,0.0,1,0,0,8.0,19.0
276939324,0.67,0.63,0.57,0.67,0.73,0,0,0,0,117.0,41.0,59,0,0,0,1,0,0.0,2,0,0,401.0,2.0
280325343,0.63,0.73,0.63,0.93,0.7,0,0,0,0,181.0,73.0,49,0,0,0,0,0,0.0,1,41,0,13.0,0.0
533110951,0.8,0.6,0.6,1.0,0.93,0,0,0,9930,0.0,0.0,0,0,1,0,0,0,0.0,1,0,0,0.0,0.0
192390972,0.63,0.6,0.77,0.83,0.77,0,0,0,0,0.0,0.0,0,0,1,0,0,0,0.0,2,0,0,0.0,0.0
334762115,0.53,0.87,0.73,0.8,0.67,0,0,0,0,0.0,2.0,1,0,0,0,0,0,0.0,1,0,0,4.0,2.0
213259840,0.73,0.77,0.93,0.57,0.9,0,0,0,106,1019.0,641.0,478,0,0,0,0,0,0.0,2,23,0,1073.0,31.0
537317722,0.47,0.7,0.77,0.7,0.6,0,0,0,1156,0.0,0.0,0,0,1,0,0,0,0.0,1,15,0,0.0,0.0
479553006,0.53,0.7,0.73,0.63,0.9,0,0,0,0,5.0,8.0,10,0,0,0,0,0,0.0,2,71,0,15.0,6.0
258070815,0.87,0.67,0.73,0.57,0.77,0,0,0,0,0.0,5.0,5,0,0,0,0,0,0.0,2,0,0,0.0,0.0
244373905,0.57,0.7,0.63,0.93,0.67,0,0,0,0,0.0,0.0,0,0,1,0,0,0,0.0,1,0,0,0.0,0.0
557904433,0.67,0.7,0.67,0.73,0.8,0,0,0,0,0.0,25.0,17,0,0,0,0,0,7.0,2,43,0,1.0,8.0
545839751,0.63,0.73,0.6,0.77,0.6,0,0,0,0,26.0,3.0,37,0,0,0,0,0,4.0,1,0,0,10.0,1.0
516854718,0.6,0.6,0.6,0.6,0.6,0,0,0,0,0.0,0.0,0,0,1,0,0,0,0.0,2,0,0,0.0,0.0
434870889,0.83,0.87,0.73,0.83,0.9,0,0,0,148,0.0,0.0,0,0,1,0,0,0,0.0,1,56,0,0.0,0.0
522491810,0.47,0.83,0.67,0.53,0.97,0,0,0,151,16.0,55.0,39,0,0,0,0,0,0.0,1,6,0,10.0,24.0
313301881,0.6,0.7,0.83,0.67,0.77,0,0,0,0,0.0,0.0,1,0,0,0,0,0,0.0,1,0,0,4.0,3.0
445444708,0.53,0.5,0.53,0.6,0.67,0,0,0,0,0.0,0.0,0,0,1,0,0,0,0.0,1,1,0,0.0,0.0
552489244,0.67,0.73,0.53,0.83,0.9,0,0,0,5915,0.0,0.0,0,0,1,0,0,0,0.0,1,2,0,0.0,0.0
281985294,0.6,0.73,0.73,0.7,0.63,0,0,0,0,2.0,49.0,9,0,0,0,0,0,0.0,2,0,0,41.0,28.0
146753518,0.73,0.6,0.67,0.5,0.53,0,0,0,110,76.0,124.0,25,0,0,0,0,0,0.0,1,0,0,0.0,39.0
188794043,0.7,0.7,0.8,0.6,0.67,0,0,0,151,0.0,0.0,0,0,1,0,0,0,0.0,2,7,0,0.0,0.0
516334166,0.63,0.7,0.63,0.83,0.8,0,0,0,0,58.0,380.0,48,0,0,0,0,0,0.0,2,44,0,0.0,66.0
222468087,0.63,0.67,0.73,0.6,0.7,0,0,0,0,265.0,31.0,560,0,0,0,0,0,0.0,2,41,0,1.0,3.0
538241226,0.67,0.6,0.7,0.87,0.77,0,0,0,158,0.0,0.0,0,0,1,0,0,0,0.0,1,53,0,0.0,0.0
258015279,0.7,0.6,0.57,0.87,0.73,0,0,0,132,0.0,67.0,4,0,0,0,0,0,0.0,1,31,0,28.0,4.0
332203083,0.87,0.73,0.57,1.0,0.87,0,0,0,0,454.0,149.0,651,0,0,0,0,0,0.0,1,23,0,1308.0,21.0
530791903,0.87,0.83,0.67,0.57,0.9,0,0,0,143,74.0,45.0,21,0,0,0,0,0,0.0,1,75,0,17.0,5.0
486181049,0.67,0.67,0.57,0.87,0.67,0,0,0,0,0.0,32.0,7,0,0,0,0,0,0.0,1,0,0,0.0,3.0
316979684,0.6,0.57,0.43,0.9,0.6,0,0,0,108,202.0,33.0,482,0,0,0,0,0,0.0,1,21,0,8.0,143.0
562344008,0.4,0.77,0.57,0.43,0.37,0,0,0,2256,6.0,34.0,74,0,0,0,0,0,7.0,1,78,0,10.0,72.0
509866074,0.53,0.77,0.67,0.6,0.7,0,0,0,542,0.0,0.0,0,0,1,0,0,0,0.0,1,0,0,0.0,0.0
215385370,1.0,0.6,0.7,0.7,1.0,0,0,0,1008943,121.0,70.0,47,0,0,0,0,0,0.0,1,0,0,414.0,373.0
552585116,0.5,0.57,0.6,0.57,0.6,0,0,0,0,5.0,1.0,25,0,0,0,0,0,7.0,1,12,0,31.0,26.0
271690252,0.63,0.6,0.6,0.6,0.67,0,0,0,0,69.0,67.0,147,0,0,0,0,0,0.0,1,25,0,0.0,4.0
227413409,0.8,0.8,0.73,0.33,0.6,0,0,0,0,100.0,241.0,13,0,0,0,0,0,0.0,2,42,0,0.0,2.0
543734513,0.27,0.2,0.2,0.4,0.2,0,0,0,0,0.0,0.0,0,0,1,0,0,0,0.0,1,8,0,0.0,0.0
479958050,0.7,0.67,0.6,0.83,0.77,0,0,0,0,0.0,0.0,0,0,1,0,0,0,0.0,1,1,0,0.0,0.0
535386090,0.73,0.87,0.73,0.73,0.87,0,0,0,19,0.0,22.0,10,0,0,0,0,0,0.0,1,6,0,2.0,11.0
306870303,0.8,0.77,0.73,0.73,0.87,0,0,0,5960,0.0,10.0,1,0,0,0,0,0,0.0,2,0,0,0.0,0.0
291180700,0.8,0.53,0.63,0.9,0.97,0,0,0,123,45.0,255.0,21,0,0,0,6,0,0.0,2,16,0,285.0,235.0
75331811,0.63,0.63,0.73,0.67,0.63,0,0,0,73,225.0,138.0,18,0,0,0,0,0,0.0,1,0,0,8.0,1224.0
518947275,0.6,0.77,0.53,0.67,0.7,0,0,0,476,4.0,4.0,3,0,0,0,0,0,0.0,1,0,0,0.0,4.0
508411776,0.6,0.77,0.53,0.57,0.8,0,0,0,0,11.0,62.0,6,0,0,0,0,0,0.0,1,1,0,0.0,37.0
499629302,0.7,0.87,0.93,0.6,0.9,0,0,0,99,28.0,113.0,30,0,0,0,0,0,0.0,2,0,0,88.0,21.0
484283158,0.43,0.57,0.4,0.67,0.57,0,0,0,0,150.0,856.0,32,0,0,0,0,0,0.0,2,2,0,2.0,11.0
191942203,0.5,0.8,0.73,0.5,0.63,0,0,0,110,33.0,146.0,7,0,0,0,0,0,0.0,1,60,0,7.0,205.0
448162939,0.57,0.33,0.53,1.0,0.9,0,0,0,0,107.0,46.0,123,0,0,0,0,0,0.0,1,23,0,59.0,11.0
276800275,0.57,0.8,0.5,0.63,0.67,0,0,0,59,243.0,82.0,60,0,0,0,0,0,0.0,1,0,0,0.0,0.0
562894617,0.57,0.63,0.57,0.77,0.57,0,0,0,0,44.0,32.0,55,0,0,0,0,0,7.0,2,17,0,98.0,3.0
366695850,0.6,0.93,0.8,0.6,0.67,0,0,0,324,43.0,121.0,77,0,0,0,0,0,0.0,1,90,0,32.0,1544.0
484929467,0.73,0.77,0.77,0.77,0.7,0,0,0,110,0.0,0.0,0,0,1,0,0,0,0.0,1,0,0,0.0,0.0
106812206,0.37,0.67,0.73,0.7,0.63,0,2,0,35,10.0,49.0,16,0,0,0,0,0,0.0,2,0,0,154.0,24.0
433686991,0.77,0.57,0.63,0.87,0.77,0,0,0,461,27.0,100.0,24,0,0,0,0,0,0.0,1,1,0,0.0,3.0
547238853,0.73,0.8,0.8,0.8,0.87,0,0,0,0,25.0,49.0,16,0,0,0,0,0,0.0,2,45,0,0.0,8.0
407207429,0.73,0.77,0.63,0.6,0.9,0,0,0,110,16.0,69.0,15,0,0,0,0,0,0.0,2,0,0,0.0,7.0
524033743,0.6,0.6,0.7,0.6,0.73,0,0,0,97,0.0,0.0,0,0,1,0,0,0,0.0,1,0,0,0.0,0.0
271150469,0.7,0.77,0.9,0.3,0.77,0,0,0,223,11.0,162.0,31,0,0,0,0,0,6.0,2,0,0,23.0,1589.0
308486302,0.83,0.77,0.73,0.67,0.63,0,0,0,112,206.0,167.0,678,0,0,0,0,0,0.0,1,39,0,423.0,6.0
554436387,0.63,0.57,0.47,0.77,0.57,0,0,0,785,0.0,0.0,0,0,1,0,0,0,0.0,1,2,0,0.0,0.0
430144999,0.63,0.7,0.57,0.6,0.63,0,0,0,13498,0.0,0.0,0,0,1,0,0,0,0.0,1,7,0,0.0,0.0
190905455,0.57,0.83,0.8,0.63,0.6,0,0,0,121,0.0,0.0,0,0,1,0,0,0,0.0,1,0,0,0.0,0.0
439712732,0.47,0.57,0.4,0.47,0.43,0,0,0,0,8.0,12.0,39,0,0,0,0,0,1.0,2,0,0,14.0,24.0
439712732,0.47,0.57,0.4,0.47,0.43,0,0,0,0,8.0,12.0,39,0,0,0,0,0,1.0,2,0,0,14.0,24.0
439712732,0.47,0.57,0.4,0.47,0.43,0,0,0,0,8.0,12.0,39,0,0,0,0,0,1.0,2,0,0,14.0,24.0
439712732,0.6,0.63,0.63,0.63,0.63,0,0,0,0,8.0,12.0,39,0,0,0,0,0,1.0,2,0,0,14.0,24.0
439712732,0.6,0.63,0.63,0.63,0.63,0,0,0,0,8.0,12.0,39,0,0,0,0,0,1.0,2,0,0,14.0,24.0
439712732,0.6,0.63,0.63,0.63,0.63,0,0,0,0,8.0,12.0,39,0,0,0,0,0,1.0,2,0,0,14.0,24.0
439712732,0.6,0.6,0.6,0.6,0.6,0,0,0,0,8.0,12.0,39,0,0,0,0,0,1.0,2,0,0,14.0,24.0
439712732,0.6,0.6,0.6,0.6,0.6,0,0,0,0,8.0,12.0,39,0,0,0,0,0,1.0,2,0,0,14.0,24.0
439712732,0.6,0.6,0.6,0.6,0.6,0,0,0,0,8.0,12.0,39,0,0,0,0,0,1.0,2,0,0,14.0,24.0
550868245,0.67,0.93,0.93,0.77,1.0,0,0,0,8,0.0,129.0,71,0,0,0,0,0,7.0,1,28,0,22.0,26.0
544698037,0.9,0.9,0.83,0.33,0.87,0,0,0,0,32.0,41.0,18,0,0,0,0,0,0.0,2,10,0,18.0,22.0
510876499,0.6,0.67,0.57,0.6,0.67,0,0,0,143,26.0,22.0,10,0,0,0,0,0,0.0,2,46,0,1.0,1.0
401729033,0.5,0.8,0.93,0.47,0.7,0,0,0,0,9.0,38.0,26,0,0,0,0,0,0.0,2,0,0,4.0,7.0
3298502,0.53,0.7,0.47,0.77,0.67,0,0,0,119,0.0,0.0,0,0,1,0,0,0,0.0,2,48,0,0.0,0.0
263225939,0.67,1.0,0.97,0.73,0.87,0,0,0,106,84.0,24.0,126,0,0,0,0,0,0.0,1,0,0,3.0,2.0
294797045,0.77,0.5,0.73,0.5,0.77,0,0,0,0,334.0,69.0,108,0,0,0,0,0,0.0,2,47,0,119.0,1.0
332577877,0.6,0.77,0.67,0.6,0.73,0,0,0,22,7.0,339.0,17,0,0,0,0,0,0.0,2,0,0,0.0,99.0
95312645,0.6,0.67,0.63,0.67,0.63,0,0,0,0,142.0,156.0,47,0,0,0,0,0,0.0,1,0,0,105.0,66.0
341786264,0.67,0.77,0.93,0.7,0.73,0,1,4,0,0.0,49.0,93,3,0,4,4,535,0.0,1,0,16,4.0,57.0
560048299,0.6,0.6,0.63,0.73,0.67,0,0,0,99,1.0,38.0,23,0,0,0,0,0,0.0,1,35,0,3.0,47.0
377458714,0.9,0.43,0.83,0.7,0.7,0,0,0,0,86.0,55.0,52,0,0,0,0,0,0.0,2,15,0,0.0,1.0
541784022,0.8,0.77,0.63,0.73,0.87,0,0,0,42,0.0,0.0,0,0,1,0,0,0,0.0,1,23,0,0.0,0.0
457412341,0.6,0.87,0.9,0.77,0.83,0,0,0,722,0.0,0.0,0,0,1,0,0,0,0.0,2,0,0,0.0,0.0
321181877,0.8,0.73,0.9,0.5,0.8,0,0,0,99,99.0,38.0,29,0,0,0,0,0,0.0,2,0,0,8.0,1.0
321181877,0.8,0.73,0.9,0.5,0.8,0,0,0,99,99.0,38.0,29,0,0,0,0,0,0.0,2,0,0,8.0,1.0
321181877,0.6,0.63,0.5,0.67,0.8,0,0,0,99,99.0,38.0,29,0,0,0,0,0,0.0,2,0,0,8.0,1.0
321181877,0.6,0.63,0.5,0.67,0.8,0,0,0,99,99.0,38.0,29,0,0,0,0,0,0.0,2,0,0,8.0,1.0
64220035,0.63,0.77,0.7,0.7,0.67,0,0,0,246,0.0,0.0,0,0,1,0,0,0,0.0,1,21,0,0.0,0.0
323543031,0.7,0.57,0.7,0.87,0.6,0,0,0,479,204.0,106.0,241,0,0,0,0,0,0.0,2,12,0,21.0,6.0
189488546,0.63,0.63,0.63,0.87,0.7,0,0,0,61,60.0,41.0,27,0,0,0,0,0,0.0,1,0,0,0.0,0.0
407233508,0.43,0.4,0.4,0.4,0.4,0,0,0,106,250.0,91.0,412,0,0,0,0,0,0.0,1,88,0,55.0,38.0
506127631,0.43,0.8,0.8,0.57,0.73,0,0,0,73,6.0,53.0,24,0,0,0,0,0,0.0,2,0,0,0.0,101.0
189937092,0.5,0.8,0.67,0.67,0.7,0,0,0,138,34.0,119.0,105,0,0,0,0,0,4.0,1,0,0,2.0,1060.0
158411379,0.67,0.83,0.6,0.5,0.77,0,0,0,22295,174.0,94.0,217,0,0,0,0,0,0.0,2,12,0,93.0,19.0
513595733,0.6,0.67,0.77,0.77,0.83,0,0,0,0,8.0,104.0,32,0,0,0,0,0,0.0,1,65,0,53.0,4.0
475100546,0.87,0.77,0.67,0.7,0.73,0,1,0,1,182.0,324.0,200,0,0,0,0,0,7.0,1,22,0,288.0,6.0
424062058,0.73,0.83,0.67,0.83,0.83,0,0,0,145,51.0,89.0,17,0,0,0,0,0,0.0,1,4,0,0.0,29.0
517349080,0.67,0.7,0.6,0.83,0.67,0,0,0,151,0.0,0.0,0,0,1,0,0,0,0.0,1,40,0,0.0,0.0
519376675,0.63,0.6,0.67,0.9,0.8,0,0,0,1151,0.0,93.0,152,0,0,0,0,0,0.0,1,0,0,0.0,29.0
150127658,0.63,0.7,0.7,0.63,0.73,0,0,0,0,79.0,34.0,28,0,0,0,0,0,0.0,2,0,0,57.0,0.0
516488884,0.47,0.57,0.53,0.83,0.77,0,0,0,0,2.0,71.0,83,0,0,0,0,0,0.0,2,42,0,2.0,46.0
387288619,0.63,0.8,0.7,0.7,0.77,0,0,0,0,248.0,35.0,9,0,0,0,0,0,0.0,2,9,0,135.0,13.0
301457296,0.73,0.9,0.87,0.77,0.7,0,0,0,7949,63.0,219.0,94,0,0,0,0,0,0.0,1,1,0,5.0,33.0
516229226,0.53,0.73,0.67,0.87,0.87,0,0,0,1,0.0,0.0,0,0,1,0,0,0,0.0,1,75,0,0.0,0.0
218823480,0.4,0.57,0.63,0.87,0.8,0,0,0,0,0.0,31.0,1,0,0,0,0,0,0.0,1,0,0,0.0,0.0
151159709,0.5,0.77,0.67,0.6,0.93,0,0,0,680,46.0,178.0,130,0,0,0,0,0,6.0,2,14,0,198.0,135.0
539180138,0.7,0.6,0.63,0.53,0.8,0,0,0,0,7.0,21.0,1,0,0,0,0,0,0.0,2,30,0,2.0,15.0
428407044,0.7,0.8,0.8,0.77,0.9,0,0,0,110,0.0,0.0,0,0,1,0,0,0,0.0,1,103,0,0.0,0.0
173959197,0.6,0.6,0.8,0.8,0.9,0,0,0,73,366.0,134.0,466,0,0,0,0,0,0.0,1,104,0,1374.0,31.0
526749106,0.7,0.73,0.97,0.43,0.73,0,0,0,110,0.0,0.0,0,0,1,0,0,0,0.0,2,0,0,0.0,0.0
157295943,0.33,0.9,0.73,1.0,0.63,0,0,0,169,127.0,69.0,67,0,0,0,0,101,0.0,1,0,0,508.0,30.0
335055803,0.63,0.87,0.53,0.8,0.6,0,0,0,99,0.0,34.0,3,0,0,0,0,0,0.0,2,0,0,0.0,1.0
423265398,0.77,0.7,0.67,0.83,0.77,0,0,0,0,91.0,61.0,674,0,0,0,0,0,0.0,1,21,0,45.0,3.0
397763319,0.53,0.57,0.7,0.6,0.9,0,0,0,0,0.0,0.0,0,0,1,0,0,0,0.0,2,42,0,0.0,0.0
295324088,0.7,0.57,0.8,0.87,0.67,0,0,0,73,333.0,400.0,190,0,0,0,0,0,1.0,1,90,0,206.0,3.0
483520848,0.57,0.63,0.7,0.5,0.7,0,0,0,0,13.0,69.0,155,0,0,0,0,0,0.0,2,55,0,9.0,13.0
537915738,0.73,0.73,0.67,0.67,0.73,0,0,0,99,77.0,92.0,61,0,0,0,0,0,0.0,1,9,0,15.0,9.0
336486780,0.77,0.93,0.93,0.63,1.0,0,0,0,64,7.0,52.0,17,0,0,0,0,0,0.0,2,0,0,4.0,11.0
443709967,0.83,0.87,0.9,0.47,0.7,0,0,0,60,14.0,52.0,135,0,0,0,0,0,0.0,2,0,0,0.0,37.0
516732168,0.87,0.5,0.57,0.57,0.7,0,0,0,0,0.0,130.0,36,0,0,0,0,0,0.0,2,54,0,53.0,179.0
244652019,0.53,0.8,0.9,0.73,0.77,0,0,0,0,0.0,0.0,0,0,1,0,0,0,0.0,2,10,0,0.0,0.0
278622682,0.7,0.67,0.73,0.97,0.83,0,0,0,120,0.0,0.0,0,0,1,0,0,0,0.0,1,128,0,0.0,0.0
445979215,0.57,0.63,0.7,0.7,0.53,0,0,0,3255,74.0,77.0,38,0,0,0,0,0,0.0,2,19,0,26.0,1511.0
536805310,0.83,0.97,0.93,0.93,0.97,0,0,0,3101,36.0,31.0,17,0,0,0,0,0,0.0,2,37,0,0.0,20.0
370880886,0.87,0.87,0.77,0.9,0.9,0,0,1,2,0.0,133.0,101,1,0,1,1,0,0.0,2,68,3,41.0,272.0
459462513,0.67,0.7,0.47,0.9,0.63,0,0,0,0,89.0,120.0,270,0,0,0,0,0,0.0,1,33,0,37.0,2.0
452632845,0.53,0.77,0.77,0.63,0.9,0,0,0,0,0.0,0.0,1,0,0,0,0,0,0.0,2,0,0,0.0,0.0
458220400,0.53,0.7,0.8,0.5,0.73,0,0,0,169,0.0,0.0,0,0,1,0,0,0,0.0,2,0,0,0.0,0.0
385702350,0.63,0.8,0.77,0.9,0.83,0,0,0,246,0.0,0.0,0,0,1,0,0,0,0.0,1,27,0,0.0,0.0
346385177,0.57,0.73,0.7,0.37,0.83,0,0,0,61,29.0,4.0,1,0,0,0,0,0,0.0,2,18,0,0.0,1.0
524995720,0.6,0.5,0.7,0.87,0.73,0,0,0,0,0.0,0.0,0,0,1,0,0,0,0.0,1,1,0,0.0,0.0
478743378,0.67,0.6,0.73,0.7,0.8,0,0,0,0,14.0,41.0,76,0,0,0,0,0,0.0,2,0,0,25.0,47.0
339414742,0.87,0.83,0.83,0.8,0.97,0,0,0,1,0.0,2.0,3,0,0,0,0,0,6.0,2,0,0,0.0,2.0
384124608,0.7,0.43,0.53,1.0,0.83,0,0,0,0,2.0,0.0,3,0,0,0,0,0,0.0,1,0,0,0.0,1.0
320004360,0.63,0.77,0.73,0.87,0.67,0,0,0,144,294.0,200.0,395,0,0,0,0,0,0.0,1,1,0,174.0,0.0
205375293,0.57,0.63,0.67,0.77,0.7,0,0,0,0,4.0,0.0,4,0,0,0,0,0,0.0,2,0,0,3.0,2.0
568845954,0.77,0.83,0.7,0.63,0.77,0,0,0,60,1.0,46.0,24,0,0,0,0,0,0.0,2,1,0,0.0,0.0
214334235,0.53,0.87,0.87,0.8,0.7,0,0,0,112,19.0,70.0,9,0,0,0,0,0,0.0,1,0,0,27.0,845.0
319265538,0.43,0.73,0.57,0.9,0.7,0,0,0,2117,28.0,47.0,47,2,0,2,0,0,0.0,2,0,0,7.0,370.0
216060414,0.73,0.77,0.83,0.97,0.83,0,0,0,2,71.0,44.0,100,0,0,0,0,0,0.0,2,0,0,55.0,1527.0
529869221,0.57,0.67,0.63,0.77,0.8,0,0,0,0,9.0,27.0,26,0,0,0,0,0,0.0,1,0,0,1.0,40.0
213780193,0.63,0.77,0.87,0.87,0.8,0,0,0,151,132.0,160.0,50,0,0,0,0,0,0.0,1,0,0,27.0,23.0
195902549,0.5,1.0,0.77,0.47,0.87,0,0,0,41,2.0,15.0,32,0,0,0,1,0,0.0,2,0,0,132.0,161.0
445557152,0.37,0.83,0.6,0.87,0.7,0,0,0,0,0.0,1.0,1,0,0,0,0,0,0.0,2,0,0,7.0,26.0
383675310,0.7,0.77,0.67,0.63,0.8,0,0,0,0,15.0,82.0,136,0,0,0,0,0,0.0,2,29,0,62.0,29.0
482836329,0.8,0.8,0.6,0.7,0.83,0,0,0,460,6.0,179.0,50,0,0,0,0,0,1.0,2,5,0,13.0,48.0
225553294,0.6,0.73,0.63,0.77,0.73,0,0,0,49,48.0,117.0,39,0,0,0,0,0,4.0,1,10,0,437.0,77.0
520384031,0.63,0.73,0.63,0.73,0.73,0,0,0,24,6.0,97.0,148,0,0,0,0,0,0.0,1,1,0,0.0,13.0
531903834,0.8,0.83,1.0,1.0,1.0,0,0,0,1,5.0,49.0,20,0,0,0,0,0,0.0,1,53,0,2.0,7.0
567138300,0.63,0.6,0.73,0.67,0.83,0,0,0,59,5.0,30.0,99,0,0,0,0,0,0.0,1,17,0,270.0,2.0
566480815,0.43,0.87,0.83,0.5,0.77,0,0,0,2,1.0,5.0,7,0,0,0,0,0,0.0,1,3,0,2.0,8.0
525252060,0.7,0.67,0.7,0.73,0.93,0,0,0,0,0.0,0.0,0,0,1,0,0,0,0.0,1,4,0,0.0,0.0
171674556,0.5,0.7,0.83,0.8,0.8,0,0,0,110,213.0,617.0,80,0,0,0,0,0,0.0,2,41,0,163.0,1.0
529041863,0.63,0.77,0.67,0.8,0.77,0,0,0,9930,105.0,29.0,43,0,0,0,0,0,0.0,2,64,0,18.0,1.0
552002600,0.37,0.8,0.67,0.7,0.8,0,0,0,524,0.0,18.0,19,0,0,0,0,0,0.0,2,0,0,0.0,4.0
554596633,0.77,0.93,0.93,0.67,1.0,0,0,0,1131647,13.0,49.0,306,0,0,0,0,0,7.0,2,0,0,782.0,13.0
549386826,0.23,0.53,0.37,0.47,0.47,0,0,0,0,0.0,43.0,26,0,0,0,0,0,0.0,2,21,0,5.0,27.0
543247431,0.83,0.83,0.87,0.73,0.9,0,0,0,0,0.0,2.0,1,0,0,0,0,0,0.0,2,0,0,0.0,0.0
471474696,0.63,0.83,0.73,0.7,0.77,0,0,0,0,13.0,54.0,27,0,0,0,0,0,0.0,2,0,0,299.0,15.0
558132026,0.67,0.63,0.6,0.6,0.63,0,0,0,0,21.0,775.0,290,0,0,0,0,0,0.0,1,19,0,18.0,57.0
569513333,0.8,0.57,0.47,0.7,0.77,0,0,0,167,0.0,7.0,14,0,0,0,0,0,0.0,2,83,0,2.0,9.0
514431616,0.57,0.77,0.47,0.83,0.7,13,1,1,49,3.0,8.0,5,1,0,1,1,0,0.0,1,0,0,0.0,20.0
529345256,0.8,0.67,0.63,0.93,0.77,0,0,0,1,0.0,10.0,66,0,0,0,0,0,0.0,1,18,0,34.0,2.0
486904586,0.63,0.7,0.6,0.5,0.8,0,0,0,1048255,10.0,35.0,9,0,0,0,0,0,0.0,2,19,0,0.0,81.0
559455578,0.73,0.73,0.67,0.7,0.77,0,0,0,1092142,0.0,0.0,0,0,1,0,0,0,0.0,2,0,0,0.0,0.0
554470168,0.67,0.63,0.57,0.4,0.57,0,0,0,2,0.0,0.0,0,0,1,0,0,0,0.0,1,14,0,0.0,0.0
473614130,0.7,0.67,0.53,0.63,0.7,0,0,0,0,113.0,109.0,183,0,0,0,0,0,0.0,1,40,0,21.0,43.0
378503332,0.63,0.83,0.8,0.8,0.83,0,0,0,0,1.0,37.0,19,0,0,0,0,0,0.0,2,0,0,2.0,9.0
437729703,0.83,0.77,0.7,0.8,0.87,0,0,0,1144715,30.0,92.0,11,0,0,1,1,0,6.0,2,7,0,0.0,7.0
424737157,0.63,0.7,0.77,0.77,0.7,0,0,0,0,49.0,85.0,89,0,0,0,0,0,0.0,1,81,0,21.0,42.0
109851848,0.67,0.7,0.77,0.73,0.7,0,0,0,1433,262.0,80.0,172,0,0,0,0,0,0.0,1,56,0,361.0,987.0
251843389,0.63,0.7,0.57,0.93,0.7,0,0,0,0,119.0,89.0,124,0,0,0,0,0,0.0,1,0,0,0.0,2.0
64687772,0.47,0.83,0.7,0.5,0.67,0,0,0,1743,0.0,0.0,0,0,1,0,0,0,0.0,2,11,0,0.0,0.0
538461137,0.7,0.77,0.8,0.67,0.77,0,0,0,119,0.0,15.0,2,0,0,0,0,0,0.0,1,0,0,0.0,7.0
453521436,0.67,0.77,0.57,0.9,0.73,0,0,0,0,148.0,53.0,63,0,0,0,0,0,0.0,2,103,0,17.0,298.0
173524651,0.43,0.7,0.8,0.57,0.7,0,4,0,57,9.0,17.0,7,1,0,0,1,0,0.0,2,0,0,6.0,9.0
510038515,0.5,0.9,0.73,0.8,0.73,0,0,0,326,12.0,121.0,19,0,0,0,0,0,0.0,1,48,0,0.0,37.0
275975700,0.53,0.73,0.63,0.67,0.5,0,0,0,99,17.0,20.0,12,0,0,0,0,0,0.0,1,0,0,5.0,593.0
351891009,0.6,0.43,0.67,1.0,0.67,0,0,0,0,0.0,0.0,0,0,1,0,0,0,0.0,1,0,0,0.0,0.0
368070255,0.47,0.53,0.63,0.67,0.73,0,0,0,49,0.0,0.0,0,0,1,0,0,0,0.0,1,0,0,0.0,0.0
399533729,0.8,0.83,0.87,0.77,0.97,0,0,0,0,19.0,107.0,20,0,0,0,0,0,0.0,1,0,0,79.0,3.0
319869248,0.7,0.7,0.67,0.73,0.67,0,0,0,266,8.0,43.0,28,0,0,0,0,0,4.0,2,0,0,2.0,5.0
484238568,0.83,0.57,0.73,0.67,0.67,0,0,0,0,48.0,14.0,32,0,0,0,0,0,2.0,2,1,0,54.0,4.0
506045498,0.73,0.67,0.7,0.67,0.87,0,0,0,0,3.0,41.0,48,0,0,0,0,0,0.0,1,0,0,0.0,15.0
200418056,0.83,0.8,0.5,0.87,0.87,0,0,0,0,412.0,201.0,34,0,0,0,0,0,0.0,1,45,0,83.0,13.0
356691962,0.47,0.67,0.67,0.6,0.67,0,0,0,99,4.0,1.0,16,2,0,0,0,0,1.0,1,0,0,0.0,7.0
384696163,1.0,1.0,0.97,0.97,0.97,0,0,0,0,2.0,33.0,36,0,0,0,0,0,0.0,2,0,0,9.0,240.0
411641056,0.47,0.2,0.6,0.87,0.73,0,0,0,0,179.0,0.0,4,0,0,0,0,0,0.0,2,5,0,0.0,1.0
543889409,0.77,0.87,0.93,0.87,0.93,0,0,0,169,7.0,19.0,28,1,0,0,1,0,0.0,2,55,0,26.0,26.0
189604536,0.47,0.47,0.8,0.9,0.67,0,0,0,33,63.0,68.0,96,0,0,0,0,0,0.0,1,0,0,4.0,8.0
69688107,0.63,0.77,0.53,0.47,0.63,0,0,0,621,364.0,1096.0,122,0,0,0,0,0,0.0,1,0,0,27.0,557.0
497935882,0.63,0.8,0.8,0.87,0.8,0,0,0,0,48.0,41.0,51,0,0,0,0,0,0.0,1,16,0,121.0,2.0
474090467,0.53,0.83,0.57,0.7,0.63,0,0,0,66,13.0,48.0,8,0,0,0,0,0,0.0,1,0,0,1.0,143.0
441018639,0.73,0.67,0.77,0.93,0.83,0,0,0,0,260.0,98.0,122,0,0,0,0,0,0.0,1,29,0,33.0,4.0
559790019,0.8,0.77,0.6,0.63,0.73,0,0,0,51,6.0,30.0,36,0,0,0,0,0,0.0,1,39,0,1.0,39.0
565745829,0.63,0.83,0.67,0.73,0.5,0,0,0,45,0.0,0.0,0,0,1,0,0,0,0.0,1,24,0,0.0,0.0
499830952,0.7,0.5,0.53,0.77,0.63,0,0,0,1064968,65.0,86.0,210,0,0,0,0,0,0.0,1,12,0,0.0,2.0
550599676,0.57,0.63,0.5,0.87,0.57,0,0,0,0,0.0,8.0,33,0,0,0,0,0,0.0,2,0,0,0.0,11.0
560872828,0.67,0.67,0.5,1.0,0.8,0,0,0,0,0.0,0.0,0,0,1,0,0,0,0.0,2,84,0,0.0,0.0
543266586,0.77,0.77,0.83,0.77,0.83,0,0,0,0,0.0,0.0,0,0,1,0,0,0,0.0,2,109,0,0.0,0.0
408055683,0.73,0.87,0.8,0.77,0.83,0,0,0,18033,210.0,172.0,137,0,0,0,0,0,0.0,2,24,0,65.0,7.0
512465212,0.93,0.77,0.83,0.77,0.9,0,0,0,0,0.0,0.0,0,0,1,0,0,0,0.0,2,0,0,0.0,0.0
35149788,0.7,0.93,0.77,0.37,0.7,0,0,0,158,106.0,225.0,70,0,0,0,0,0,4.0,2,0,0,6.0,4.0
307644693,0.53,0.7,0.57,0.77,0.77,0,0,0,110,34.0,31.0,12,0,0,0,0,0,0.0,2,11,0,128.0,74.0
510563994,0.23,0.6,0.47,0.83,0.77,0,0,0,0,57.0,14.0,265,0,0,0,0,0,0.0,1,0,0,45.0,4.0
514341626,0.77,0.9,0.57,0.77,0.67,0,0,0,32,42.0,166.0,14,0,0,0,0,0,0.0,1,32,0,14.0,6.0
492277323,0.57,0.7,0.4,0.9,0.67,0,0,0,0,0.0,81.0,172,0,0,0,0,0,0.0,1,34,0,6.0,3.0
489726869,0.73,0.77,0.77,0.6,0.73,0,0,0,157,0.0,0.0,0,0,1,0,0,0,0.0,1,10,0,0.0,0.0
563143445,0.8,0.8,0.57,0.73,0.97,0,0,0,55,0.0,28.0,4,0,0,0,0,0,0.0,2,0,0,0.0,18.0
21335925,0.63,0.83,0.73,0.87,0.83,0,0,0,1023007,84.0,17.0,110,0,0,0,0,0,0.0,2,59,0,2626.0,364.0
537543817,0.37,0.77,0.73,0.87,0.67,0,0,0,5399,3.0,30.0,8,0,0,0,0,0,0.0,1,100,0,3.0,5.0
215064791,0.47,0.67,0.77,0.47,0.73,0,0,0,2451,259.0,57.0,683,0,0,0,0,0,0.0,2,42,0,598.0,2418.0
536028860,0.5,0.83,0.67,0.93,0.53,0,0,0,0,0.0,0.0,0,0,1,0,0,0,0.0,1,0,0,0.0,0.0
388651546,0.57,0.87,0.87,0.73,0.87,0,0,0,0,0.0,3.0,1,0,0,0,0,0,0.0,1,0,0,0.0,2.0
245208356,0.6,0.8,0.7,0.97,0.8,0,0,0,1025489,0.0,0.0,0,0,1,0,0,0,0.0,1,0,0,0.0,0.0
486727542,0.5,0.7,0.7,0.53,0.7,0,0,0,104,79.0,473.0,207,0,0,0,0,0,0.0,1,90,0,54.0,258.0
524280949,0.5,0.7,0.6,0.5,0.83,0,0,0,26,1.0,235.0,6,0,0,0,0,0,0.0,2,72,0,36.0,28.0
476839859,0.6,0.6,0.6,0.6,0.63,0,0,0,0,23.0,20.0,46,0,0,0,0,0,0.0,1,17,0,3.0,11.0
476839859,0.6,0.6,0.6,0.6,0.63,0,0,0,0,23.0,20.0,46,0,0,0,0,0,0.0,1,17,0,3.0,11.0
476839859,0.7,0.5,0.6,0.87,0.67,0,0,0,0,23.0,20.0,46,0,0,0,0,0,0.0,1,17,0,3.0,11.0
476839859,0.7,0.5,0.6,0.87,0.67,0,0,0,0,23.0,20.0,46,0,0,0,0,0,0.0,1,17,0,3.0,11.0
542988910,0.83,0.9,0.7,0.77,0.87,0,0,0,2745,2.0,14.0,4,0,0,0,0,0,0.0,2,0,0,0.0,8.0
501052755,0.6,0.63,0.67,0.73,0.7,0,0,0,78,16.0,65.0,132,0,0,0,0,0,0.0,2,0,0,0.0,29.0
504597401,0.57,0.67,0.63,0.6,0.63,0,0,0,1713260,596.0,43.0,82,0,0,0,0,0,0.0,2,0,0,44.0,5.0
538447309,0.6,0.8,0.67,0.73,0.73,0,0,0,110,0.0,8.0,10,0,0,0,0,0,0.0,2,0,0,1.0,5.0
466248023,0.63,0.7,0.7,0.8,0.7,0,0,0,95,1.0,25.0,1,0,0,0,0,0,0.0,1,0,0,8.0,23.0
316655219,0.6,0.9,0.77,0.57,0.83,0,0,0,82,0.0,0.0,0,0,1,0,0,0,0.0,1,130,0,0.0,0.0
533665337,0.7,0.87,0.83,0.8,0.87,0,0,0,0,9.0,170.0,33,0,0,0,0,0,6.0,1,29,0,27.0,39.0
170096625,0.73,0.73,0.63,0.87,0.8,0,0,0,0,164.0,131.0,673,0,0,0,0,0,0.0,1,0,0,2.0,2.0
528258429,0.53,0.63,0.37,0.73,1.0,0,0,0,2,5.0,93.0,106,0,0,0,0,0,0.0,1,25,0,2.0,232.0
243857187,0.73,0.6,0.63,0.73,0.93,0,0,0,0,178.0,319.0,63,0,0,0,0,0,0.0,1,22,0,24.0,30.0
498911056,0.63,0.6,0.63,0.47,0.9,0,0,0,0,0.0,462.0,284,0,0,0,0,0,0.0,2,1,0,153.0,12.0
546340590,0.33,0.53,0.5,0.63,0.43,20,1,1,1,3.0,30.0,11,1,0,1,1,25,0.0,2,27,8,0.0,16.0
530473537,0.37,0.63,0.43,0.77,0.43,0,0,0,125,0.0,10.0,14,0,0,0,0,0,0.0,2,0,0,0.0,9.0
551673684,0.67,0.6,0.83,0.57,0.77,0,0,0,0,2.0,17.0,74,0,0,0,0,0,0.0,2,0,0,190.0,30.0
548507215,0.7,0.73,0.77,0.57,0.8,11,0,0,3250,11.0,53.0,4,3,0,0,0,31,0.0,1,66,0,0.0,10.0
412753888,0.6,0.73,0.73,0.47,0.7,0,0,0,0,20.0,43.0,15,0,0,0,0,0,0.0,2,0,0,0.0,1.0
533621719,0.6,0.5,0.53,0.6,0.77,0,0,0,1456,8.0,36.0,20,0,0,0,0,0,0.0,2,24,0,10.0,30.0
524247789,0.73,0.53,0.83,0.6,0.77,0,1,0,146,31.0,56.0,180,1,0,0,1,0,6.0,2,22,28,41.0,20.0
374196501,0.63,0.73,0.77,0.53,0.73,0,0,0,0,5.0,92.0,74,0,0,0,0,0,0.0,1,57,0,36.0,149.0
506953438,0.53,0.5,0.73,0.87,0.67,0,0,0,580,0.0,0.0,0,0,1,0,0,0,0.0,1,110,0,0.0,0.0
35242101,0.7,0.7,0.8,0.57,0.83,0,0,0,143,25.0,100.0,24,0,0,0,0,0,0.0,2,0,0,186.0,1084.0
560500492,0.57,0.9,0.67,0.8,0.7,0,0,0,163,1.0,22.0,3,0,0,0,0,63,0.0,1,3,0,0.0,17.0
168416810,0.73,0.77,0.7,0.77,0.7,0,0,0,1061731,90.0,307.0,251,0,0,0,0,32,4.0,1,0,0,126.0,5926.0
374634299,0.63,0.53,0.67,0.67,0.7,0,0,0,0,0.0,0.0,0,0,1,0,0,0,0.0,2,0,0,0.0,0.0
558517413,0.6,0.43,0.4,0.6,0.77,0,0,0,3621,0.0,0.0,0,0,1,0,0,0,0.0,2,13,0,0.0,0.0
492392362,0.5,0.43,0.57,0.4,0.83,0,0,0,458,0.0,58.0,53,0,0,0,0,0,7.0,2,0,0,1.0,28.0
203009217,0.8,0.77,0.73,0.87,0.77,0,0,0,158,77.0,159.0,90,0,0,0,0,0,0.0,2,88,0,68.0,107.0
422498856,0.67,0.77,0.7,0.7,0.77,0,0,0,0,0.0,0.0,0,0,1,0,0,0,0.0,1,0,0,0.0,0.0
557253099,0.83,0.87,0.93,0.97,0.9,0,0,0,1036,0.0,0.0,0,0,1,0,0,0,0.0,1,0,0,0.0,0.0
562932469,0.53,0.7,0.6,0.83,0.77,0,0,0,0,0.0,0.0,0,0,1,0,0,0,0.0,1,29,0,0.0,0.0
507152084,0.87,0.77,0.57,0.73,0.8,0,0,0,49,0.0,0.0,0,0,1,0,0,0,0.0,1,5,0,0.0,0.0
415596800,0.8,1.0,0.83,0.63,0.93,0,0,0,112,287.0,162.0,38,0,0,0,0,0,0.0,1,14,0,15.0,0.0
558489299,0.4,0.6,0.67,0.9,0.77,0,0,0,0,0.0,0.0,0,0,1,0,0,0,0.0,1,0,0,0.0,0.0
467624714,0.43,0.6,0.5,0.67,0.53,0,0,0,16669,69.0,58.0,110,0,0,0,0,0,0.0,2,82,0,125.0,8.0
548398574,0.6,0.73,0.87,0.57,0.73,0,0,0,0,5.0,27.0,30,0,0,0,0,0,0.0,2,13,0,0.0,4.0
469518607,0.73,0.77,0.63,0.63,0.83,0,0,0,0,8.0,146.0,16,0,0,0,0,0,0.0,2,10,0,1.0,18.0
482418902,0.73,0.57,0.67,0.7,0.5,0,0,0,0,23.0,161.0,381,0,0,0,0,0,0.0,1,0,0,128.0,81.0
475006334,0.73,0.83,0.77,0.73,0.83,0,0,0,0,2.0,2.0,12,0,0,0,0,0,0.0,1,0,0,1.0,5.0
543355163,0.57,0.7,0.7,0.63,0.83,0,0,0,0,145.0,49.0,6,0,0,0,0,0,0.0,1,3,0,70.0,1.0
499084488,0.57,0.8,0.67,0.9,0.8,67,0,2,99,7.0,63.0,48,5,0,0,6,0,0.0,1,0,20,7.0,18.0
196744146,0.53,0.7,0.57,0.83,0.73,0,0,0,10833,537.0,54.0,238,0,0,0,0,0,0.0,1,4,0,65.0,3.0
477549647,0.73,0.63,0.87,0.87,0.8,0,0,0,0,9.0,156.0,247,0,0,0,0,0,0.0,1,40,0,43.0,5.0
324704258,0.5,0.53,0.67,0.93,0.87,0,0,0,1,208.0,39.0,181,0,0,0,0,0,8.0,2,55,0,45.0,2.0
492237065,0.77,0.87,0.77,0.67,0.77,0,0,0,100,9.0,67.0,82,0,0,0,0,0,0.0,1,0,0,0.0,1.0
160942903,0.63,0.6,0.83,0.63,0.73,0,0,0,0,181.0,202.0,1,0,0,0,0,0,0.0,1,0,0,0.0,1.0
93876540,0.63,0.7,0.77,0.8,0.63,0,0,0,82,0.0,0.0,0,0,1,0,0,0,0.0,1,0,0,0.0,0.0
537161217,0.6,0.7,0.73,0.73,0.8,0,0,0,0,79.0,60.0,24,0,0,0,0,0,0.0,1,64,0,0.0,2.0
251510536,0.8,0.8,0.67,0.93,0.83,0,0,0,5331,112.0,59.0,156,0,0,0,0,0,0.0,1,40,0,36.0,19.0
270901574,0.8,0.9,0.93,0.97,0.93,0,0,0,0,236.0,289.0,135,0,0,0,0,0,2.0,1,2,0,63.0,4.0
559622369,0.8,0.73,0.97,0.77,0.77,0,0,0,552,3.0,34.0,22,0,0,0,0,0,0.0,1,0,0,0.0,24.0
568218996,0.5,0.73,0.6,0.53,0.47,0,0,0,76,3.0,130.0,28,0,0,0,0,0,0.0,2,0,0,2.0,12.0
347674953,0.63,0.57,0.67,0.8,0.63,0,0,0,744,25.0,27.0,34,0,0,0,0,0,0.0,2,0,0,0.0,3.0
184043700,0.4,0.53,0.7,0.8,0.6,0,0,0,0,77.0,0.0,27,0,0,0,0,0,0.0,2,0,0,0.0,0.0
103200908,0.53,0.7,0.7,0.63,0.47,0,0,0,0,149.0,184.0,90,0,0,0,0,0,0.0,1,0,0,387.0,11308.0
450343263,0.57,0.8,0.67,0.9,0.8,0,0,0,1,117.0,734.0,514,0,0,0,0,0,0.0,2,9,0,538.0,171.0
551020879,0.57,0.9,0.77,0.8,0.87,0,0,0,143,0.0,0.0,0,0,1,0,0,0,0.0,2,10,0,0.0,0.0
217283273,0.67,0.73,0.77,0.6,0.7,0,0,0,93,10.0,11.0,5,0,0,0,0,0,0.0,1,0,0,0.0,338.0
99470021,0.7,0.9,0.83,0.73,0.77,0,0,0,0,5.0,129.0,103,0,0,0,0,0,0.0,1,137,0,15.0,398.0
419188196,0.8,0.67,0.67,0.77,0.7,0,0,0,1386,35.0,120.0,133,0,0,0,0,0,0.0,1,0,0,0.0,18.0
559110553,0.57,0.83,0.77,0.57,0.73,0,0,0,1268,21.0,27.0,31,0,0,0,0,0,6.0,2,4,0,11.0,3.0
160434298,0.8,0.67,0.63,0.73,0.9,0,0,0,2,74.0,125.0,124,0,0,0,0,0,2.0,2,0,0,96.0,0.0
385223724,0.7,0.67,0.7,0.87,0.9,0,0,0,5999,22.0,22.0,7,0,0,0,0,0,7.0,1,3,0,3.0,8.0
527207225,0.53,0.6,0.6,0.8,0.87,0,0,0,0,0.0,0.0,0,0,1,0,0,0,0.0,1,25,0,0.0,0.0
363422659,0.57,0.57,0.63,0.83,0.67,0,0,0,0,0.0,0.0,0,0,1,0,0,0,0.0,1,26,0,0.0,0.0
392491229,0.63,0.7,0.63,0.53,0.73,0,0,0,0,0.0,0.0,0,0,1,0,0,0,0.0,1,0,0,0.0,0.0
548309104,0.77,0.77,0.7,0.73,0.73,0,0,0,106,228.0,87.0,368,0,0,0,0,0,0.0,2,6,0,11.0,3.0
524122161,0.7,0.77,0.8,0.83,0.87,0,0,0,99,0.0,11.0,4,0,0,0,0,0,0.0,2,8,0,1.0,9.0
416376699,0.63,0.67,0.83,0.6,0.73,0,0,0,2,9.0,51.0,28,0,0,0,0,0,0.0,2,0,0,7.0,2.0
564650895,0.67,0.57,0.6,0.87,0.73,0,0,0,10,430.0,74.0,30,0,0,0,0,0,0.0,1,99,0,5.0,34.0
158537247,0.57,0.9,0.67,0.97,0.73,0,0,0,147,287.0,210.0,92,0,0,0,0,0,0.0,1,0,0,230.0,20.0
56734788,0.7,0.73,0.67,0.7,0.93,0,0,0,169,16.0,169.0,9,0,0,0,0,0,0.0,2,0,0,0.0,35.0
458674937,0.73,0.77,0.73,0.87,0.83,0,0,0,151,12.0,25.0,15,0,0,0,0,0,0.0,2,0,0,0.0,1.0
297659718,0.53,0.77,0.53,0.87,0.8,0,0,0,0,0.0,0.0,0,0,1,0,0,0,0.0,1,0,0,0.0,0.0
492987146,0.53,0.57,0.63,0.6,0.67,0,0,0,0,11.0,77.0,25,0,0,0,0,0,0.0,2,0,0,0.0,36.0
512162263,0.6,0.73,0.7,0.63,0.7,0,0,0,1167,7.0,39.0,18,0,0,0,0,0,0.0,2,81,0,6.0,20.0
540475298,0.87,0.8,0.7,0.83,1.0,0,0,0,1781,0.0,0.0,0,0,1,0,0,0,0.0,2,10,0,0.0,0.0
301027706,0.57,0.67,0.67,0.77,0.63,0,0,0,0,183.0,54.0,997,0,0,0,0,0,0.0,1,23,0,31.0,2.0
54943259,0.63,0.77,0.63,0.43,0.57,1,1,1,0,70.0,93.0,18,1,0,1,1,1,0.0,2,3,1,896.0,10.0
545688124,0.6,0.63,0.63,0.67,0.57,0,0,0,1096304,1.0,16.0,3,0,0,0,0,0,0.0,1,138,0,40.0,4.0
557691727,0.57,0.8,0.6,0.6,0.53,0,0,0,1129750,1.0,9.0,5,0,0,0,0,0,0.0,2,0,0,0.0,16.0
3535979,0.47,0.73,0.8,0.63,0.7,0,0,5,475,2172.0,137.0,41,4,0,9,0,0,0.0,2,0,0,112.0,23.0
343407872,0.73,0.8,0.8,0.63,0.6,0,0,0,552,0.0,0.0,0,0,1,0,0,0,0.0,1,0,0,0.0,0.0
160750165,0.77,0.77,0.73,0.67,0.77,0,0,0,49,340.0,873.0,123,0,0,0,0,0,0.0,2,72,0,47.0,81.0
269012282,0.5,0.8,0.73,0.83,0.77,0,0,0,0,0.0,0.0,0,0,1,0,0,0,0.0,1,4,0,0.0,0.0
498306692,0.73,0.8,0.8,0.87,0.83,0,0,0,0,34.0,71.0,532,0,0,0,0,0,0.0,1,11,0,134.0,4.0
210735051,0.5,0.67,0.6,0.63,0.53,0,0,0,334,13.0,54.0,44,0,0,0,0,0,6.0,2,0,0,4.0,29.0
374171436,0.6,0.73,0.8,0.67,0.67,0,0,0,0,67.0,56.0,10,0,0,0,0,0,0.0,1,0,0,379.0,8.0
473988975,0.63,0.73,0.77,0.83,0.93,0,0,0,1245,0.0,0.0,0,0,1,0,0,0,0.0,1,1,0,0.0,0.0
151834071,0.8,0.6,0.8,0.53,0.67,0,0,0,49,0.0,5.0,4,0,0,0,0,0,0.0,1,0,0,1.0,0.0
166177594,0.7,0.67,0.73,0.83,0.7,0,0,0,0,339.0,83.0,15,0,0,0,0,0,0.0,1,15,0,0.0,0.0
401882318,0.67,0.8,0.7,0.9,0.8,0,0,0,0,0.0,0.0,0,0,1,0,0,0,0.0,1,0,0,0.0,0.0
556735861,0.63,0.8,0.63,0.87,0.53,0,0,0,131,0.0,0.0,0,0,1,0,0,0,0.0,1,0,0,0.0,0.0
358800944,0.63,0.77,0.67,0.6,0.7,0,0,0,25,8.0,45.0,68,0,0,0,0,0,0.0,1,0,0,11.0,2294.0
307921391,0.6,0.7,0.53,0.83,0.8,0,0,0,0,76.0,157.0,888,0,0,0,0,0,0.0,1,28,0,669.0,5138.0
205528914,0.53,0.73,0.77,0.77,0.8,0,0,0,0,79.0,109.0,41,0,0,0,0,0,0.0,1,14,0,16.0,49.0
564575025,0.7,0.73,0.67,0.6,0.77,0,0,0,0,2.0,40.0,21,0,0,0,0,0,0.0,1,0,0,1.0,1.0
455742036,0.77,0.6,0.6,0.3,0.9,0,0,0,0,63.0,125.0,46,0,0,0,0,0,0.0,2,1,0,57.0,3.0
544137896,0.47,0.77,0.63,0.63,0.83,0,0,0,2205,9.0,23.0,23,0,0,0,0,0,0.0,2,0,0,3.0,12.0
547179242,0.77,0.77,0.67,0.7,0.73,0,0,0,0,17.0,40.0,10,0,0,0,0,0,0.0,1,16,0,1.0,20.0
227471891,0.37,0.6,0.57,0.8,0.5,0,0,0,37,13.0,0.0,146,0,0,0,0,0,0.0,2,0,0,56.0,4549.0
504289707,0.6,0.63,0.6,0.6,0.7,0,0,0,123,0.0,0.0,0,0,1,0,0,0,0.0,2,2,0,0.0,0.0
496620765,0.5,0.57,0.53,0.7,0.63,0,0,0,1054308,2.0,13.0,6,0,0,0,0,0,0.0,2,0,0,1.0,5.0
347861253,0.67,0.6,0.7,0.6,0.8,0,0,0,0,237.0,32.0,8,0,0,0,0,0,0.0,1,0,0,0.0,0.0
515941788,0.77,0.7,0.67,0.63,0.8,0,0,0,10876,0.0,0.0,0,0,1,0,0,0,0.0,2,8,0,0.0,0.0
345531220,0.63,0.83,0.6,0.73,0.73,0,0,0,99,157.0,172.0,180,0,0,0,0,0,0.0,1,0,0,22.0,9.0
557772650,0.67,0.8,0.63,1.0,0.9,0,0,0,18746,0.0,0.0,0,0,1,0,0,0,0.0,1,1,0,0.0,0.0
176868448,0.6,0.73,0.87,0.83,0.63,0,0,0,2256,81.0,75.0,21,0,0,0,0,0,1.0,2,3,0,23.0,55.0
296209205,0.8,0.6,0.47,0.73,0.77,0,0,0,3835557,0.0,0.0,0,0,1,0,0,0,0.0,1,17,0,0.0,0.0
